state,state_fips_code,year,trade_school_check,Level and degree/certificate-seeking status of student,Undergraduate or graduate level of student,Grand total,Grand total men,Grand total women,American Indian or Alaska Native total,American Indian or Alaska Native men,American Indian or Alaska Native women,Asian total,Asian men,Asian women,Black or African American total,Black or African American men,Black or African American women,Hispanic or Latino total,Hispanic or Latino men,Hispanic or Latino women,Native Hawaiian or Other Pacific Islander total,Native Hawaiian or Other Pacific Islander men,Native Hawaiian or Other Pacific Islander women,White total,White men,White women,Two or more races total,Two or more races men,Two or more races women,Race/ethnicity unknown total,Race/ethnicity unknown men,Race/ethnicity unknown women,U.S. Nonresident total,U.S. Nonresident men,U.S. Nonresident women,Gender unknown,Another gender,Total of gender unknown and  another gender,Total gender reported as one of the mutually exclusive binary categories (Men/Women)
Alabama,AL,2020,1,Undergraduate totalAll students total,UndergraduateAll students total,320399,139041,181358,1840,835,1005,5426,2545,2881,81022,28573,52449,13224,5757,7467,376,171,205,190089,86114,103975,8960,3642,5318,12627,7082,5545,6835,4322,2513,0,0,0,0
Alabama,AL,2021,1,Undergraduate totalAll students total,UndergraduateAll students total,306241,130937,175304,1668,745,923,5298,2437,2861,76848,26396,50452,13112,5585,7527,371,184,187,182266,82052,100214,9559,3817,5742,11773,6335,5438,5346,3386,1960,0,0,0,0
Alabama,AL,2022,1,Undergraduate totalAll students total,UndergraduateAll students total,306943,130459,176484,1593,710,883,5366,2460,2906,78591,27177,51414,13902,5905,7997,393,192,201,182509,81856,100653,10012,4005,6007,9653,5182,4471,4924,2972,1952,721,127,848.0,0
Alabama,AL,2023,1,Undergraduate totalAll students total,UndergraduateAll students total,312669,133377,179292,1527,679,848,5619,2556,3063,78807,27754,51053,16151,6765,9386,466,222,244,184818,83120,101698,11481,4680,6801,9051,4880,4171,4749,2721,2028,168,0,210.000000700000000030001100000130.110604.000.1400200000008000300000000000000.00,293984
Alabama,AL,2024,1,Undergraduate totalAll students total,UndergraduateAll students total,324564,138392,186172,1512,695,817,5997,2684,3313,82391,29096,53295,18306,7606,10700,408,206,202,189545,85346,104199,12766,5223,7543,8874,4885,3989,4765,2651,2114,439,0,3990.10000200..0000549130102900000206600160613000511036450000150181605017.000000000020000,314362
Alaska,AK,2020,1,Undergraduate totalAll students total,UndergraduateAll students total,39881,14758,25123,4343,1358,2985,1521,529,992,1211,421,790,3315,1139,2176,828,286,542,19673,7549,12124,3740,1298,2442,4791,1968,2823,459,210,249,0,0,0,0
Alaska,AK,2021,1,Undergraduate totalAll students total,UndergraduateAll students total,37226,13489,23737,3984,1198,2786,1529,511,1018,1158,393,765,3149,1053,2096,744,246,498,18115,6877,11238,3314,1126,2188,4851,1909,2942,382,176,206,0,0,0,0
Alaska,AK,2022,1,Undergraduate totalAll students total,UndergraduateAll students total,35302,12931,22371,4110,1264,2846,1537,511,1026,1158,388,770,2781,901,1880,626,230,396,17087,6502,10585,3078,1039,2039,4499,1914,2585,426,182,244,448,1,449.0,0
Alaska,AK,2023,1,Undergraduate totalAll students total,UndergraduateAll students total,35713,13443,22270,4438,1454,2984,1570,531,1039,1220,446,774,3149,1038,2111,524,194,330,16830,6516,10314,3058,1054,2004,4495,2028,2467,429,182,247,357,0,199011048000.00,34376
Alaska,AK,2024,1,Undergraduate totalAll students total,UndergraduateAll students total,36542,13792,22750,4117,1293,2824,1939,667,1272,1251,470,781,3528,1205,2323,360,114,246,16756,6534,10222,3204,1066,2138,4895,2253,2642,492,190,302,568,0,214029928270.000,35464
American Samoa,AS,2020,0,Undergraduate total,Undergraduate,1272,336,936,0,0,0,6,1,5,0,0,0,0,0,0,1138,305,833,4,1,3,2,0,2,0,0,0,122,29,93,0,0,0,0
American Samoa,AS,2021,0,Undergraduate total,Undergraduate,1724,517,1207,0,0,0,23,1,22,0,0,0,1,0,1,1521,471,1050,3,1,2,0,0,0,8,2,6,168,42,126,0,0,0,0
American Samoa,AS,2022,0,Undergraduate total,Undergraduate,2640,735,1905,0,0,0,29,8,21,0,0,0,1,0,1,2209,646,1563,3,1,2,0,0,0,7,4,3,391,76,315,0,0,0.0,0
American Samoa,AS,2023,0,Undergraduate total,Undergraduate,1417,415,1002,0,0,0,20,10,10,0,0,0,0,0,0,1216,370,846,1,0,1,0,0,0,6,2,4,174,33,141,0,0,0,1417
American Samoa,AS,2024,0,Undergraduate total,Undergraduate,1401,436,965,0,0,0,24,13,11,0,0,0,1,0,1,1231,379,852,1,1,0,0,0,0,5,2,3,139,41,98,0,0,0,1401
Arizona,AZ,2020,1,Undergraduate totalAll students total,UndergraduateAll students total,768227,304403,463824,17236,5892,11344,26141,11105,15036,78197,25145,53052,193568,74966,118602,3099,1202,1897,326902,136399,190503,29659,11650,18009,80164,29699,50465,13261,8345,4916,0,0,0,0
Arizona,AZ,2021,1,Undergraduate totalAll students total,UndergraduateAll students total,742221,285310,456911,16728,5065,11663,25639,10747,14892,74726,24049,50677,186239,68274,117965,2992,1091,1901,308639,125575,183064,29697,11466,18231,86738,32298,54440,10823,6745,4078,0,0,0,0
Arizona,AZ,2022,1,Undergraduate totalAll students total,UndergraduateAll students total,748305,291747,456558,16485,5112,11373,26218,11374,14844,73505,24282,49223,191627,71697,119930,2944,1115,1829,304851,125673,179178,30561,11944,18617,91847,34047,57800,10267,6503,3764,18061,1483,19544.0,0
Arizona,AZ,2023,1,Undergraduate totalAll students total,UndergraduateAll students total,766232,301651,464581,17283,5456,11827,27786,12420,15366,80375,26427,53948,201787,76357,125430,3053,1163,1890,310627,128604,182023,32766,12803,19963,81341,31238,50103,11214,7183,4031,18725,1335,76516210008252103011828200223856173811328202404601300014805011000438566781000004215.0094000004120041719015315619.0000.00.0011000010000171010000000.00,741543
Arizona,AZ,2024,1,Undergraduate totalAll students total,UndergraduateAll students total,798617,316766,481851,18277,5880,12397,29393,13291,16102,89132,29016,60116,216218,82609,133609,3030,1202,1828,318484,132159,186325,35177,13670,21507,76748,31231,45517,12158,7708,4450,18648,1025,4464318609269122565311001172321680409110119026027838137008.1100070508469000.110...00103000.34.14430.1447016715110.0000000000150..0.000047400000030.00.,754366
Arkansas,AR,2020,1,Undergraduate totalAll students total,UndergraduateAll students total,179796,73174,106622,1238,504,734,3017,1356,1661,32198,11103,21095,13964,5892,8072,340,155,185,114275,47271,67004,7568,3226,4342,3267,1532,1735,3929,2135,1794,0,0,0,0
Arkansas,AR,2021,1,Undergraduate totalAll students total,UndergraduateAll students total,167668,66404,101264,1117,395,722,2979,1324,1655,29119,9796,19323,13552,5608,7944,276,119,157,106397,42726,63671,7518,3052,4466,3421,1626,1795,3289,1758,1531,0,0,0,0
Arkansas,AR,2022,1,Undergraduate totalAll students total,UndergraduateAll students total,163873,64755,99118,1184,437,747,2970,1277,1693,28185,9506,18679,14027,5678,8349,276,113,163,103947,41840,62107,7410,2989,4421,2471,1110,1361,3403,1805,1598,340,0,340.0,0
Arkansas,AR,2023,1,Undergraduate totalAll students total,UndergraduateAll students total,165138,65395,99743,1321,519,802,3148,1337,1811,28046,9421,18625,15102,6066,9036,326,140,186,103837,42015,61822,7280,2912,4368,2674,1208,1466,3404,1777,1627,317,15,23200003.15000000000.0110300.00000000.010020000000005070.10067.2000000415700000000000,147381
Arkansas,AR,2024,1,Undergraduate totalAll students total,UndergraduateAll students total,167176,66255,100921,1466,579,887,3134,1346,1788,27437,9183,18254,15966,6506,9460,342,153,189,105110,42554,62556,7408,2908,4500,2661,1178,1483,3652,1848,1804,379,10,1301000010160000301000.019000350000000000.0.000000001920053000662500000021130000000000,161225
California,CA,2020,1,Undergraduate totalAll students total,UndergraduateAll students total,3401980,1518946,1883034,11921,5039,6882,476116,221506,254610,209949,88380,121569,1412818,589725,823093,15656,7399,8257,808000,374918,433082,146621,64052,82569,208851,110572,98279,112048,57355,54693,0,0,0,0
California,CA,2021,1,Undergraduate totalAll students total,UndergraduateAll students total,3251278,1387680,1863598,10837,4324,6513,470174,212511,257663,189353,75516,113837,1351425,531027,820398,15158,6663,8495,777410,346271,431139,148962,62791,86171,192974,100426,92548,94985,48151,46834,0,0,0,0
California,CA,2022,1,Undergraduate totalAll students total,UndergraduateAll students total,3117859,1358102,1759757,10361,4113,6248,453564,208700,244864,180793,74372,106421,1306985,525302,781683,14135,6408,7727,737723,338532,399191,145873,63094,82779,179317,92533,86784,89108,45048,44060,86106,10066,96172.0,0
California,CA,2023,1,Undergraduate totalAll students total,UndergraduateAll students total,3133415,1388881,1744534,10699,4410,6289,451214,211550,239664,188905,79960,108945,1359765,561909,797856,13389,6285,7104,720005,335888,384117,150792,66058,84734,164077,83645,80432,74569,39176,35393,84870,17025,002830236950017000014890170411792381290113051759296440451478336128503865381851172042533652365040789100118.0.5000280.861300826007250032089200.01371000.0.38004400.381456041111029310.800..0700000041444016103099..37271248033510105800.0432.3596478011533600329.001306615..01382155400000794.0520663500725121.11.12004290000000000004020380.05900002750.11000.00000127500...0000012100.0375300..011120086002454330.282221000000055913454176438201293003200101144183503..55700515516991999700016052170431331.0142.213..3740212252081930827188410133.5910188.0008314892144469232.03978513501963300003045271720.444.81002430036493667334327445521413804648002687320.07000414000336.74540.62334462000021800000.0..001490000000002700202000000010010.025039100000300003790000000000.000000.95000000170000..00003500100000000000128177.00000..00000100.001231.00000000000100000.0550000000.0006.14000.2560000000.0001.0013.061000000.0010000001890.01100000,2870456
California,CA,2024,1,Undergraduate totalAll students total,UndergraduateAll students total,3331878,1497397,1834481,11400,4922,6478,469377,221545,247832,200792,85585,115207,1455046,609110,845936,13462,6361,7101,762194,360948,401246,159669,71536,88133,188858,100271,88587,71080,37119,33961,95554,23416,00372.4112180090.001475.1476106719752615129915282783360514373163239236513721826100655534873191548997700120.074001079556009482.00.6338471083098900.013122000.3.480054700450145306540035520..101.0023000011421548125832894..3281129.531950113300.0529..55017.7195300434782028.07440002017143300000776000304359006550.1001624477000000.0000031209.005800028..000.000.2191400..240..001009.1524318...14450177002974810.4613720100000643.91210334370145700850.108291187654.18660301815498953992150001861265.56110923670184.248049702822550100029106029851116648669401720000111186190274615282.047610664592173000003341663275.39566787248.0295504971153920444383564.2575185128763129450.0804017612..442.15571607943483.0.0545001160.0..0076000.020704102364034.0000.004000400...1.00.00005700000012.400.0.3001.101000000.0.00.000006600000100000000195214.340000.100333.000012260000200100.0000500.0490000000.0050..0000360003.0000000.20.080006300.000000.2010.0140000000,3093357
Colorado,CO,2020,1,Undergraduate totalAll students total,UndergraduateAll students total,420664,188059,232605,4001,1672,2329,14253,6274,7979,29706,11629,18077,80301,33164,47137,1213,539,674,229120,107071,122049,18800,8087,10713,33857,14436,19421,9413,5187,4226,0,0,0,0
Colorado,CO,2021,1,Undergraduate totalAll students total,UndergraduateAll students total,408313,176609,231704,4165,1754,2411,13936,6097,7839,31449,11710,19739,78340,30992,47348,1139,493,646,221059,100406,120653,18955,8015,10940,31855,13118,18737,7415,4024,3391,0,0,0,0
Colorado,CO,2022,1,Undergraduate totalAll students total,UndergraduateAll students total,406548,176971,229577,4201,1698,2503,14566,6530,8036,31596,11794,19802,79595,31892,47703,1132,511,621,214772,98347,116425,18927,8181,10746,33854,13629,20225,7905,4389,3516,21887,521,22408.0,0
Colorado,CO,2023,1,Undergraduate totalAll students total,UndergraduateAll students total,411150,179151,231999,4421,1792,2629,14746,6612,8134,33165,12284,20881,82776,33456,49320,1073,482,591,215299,99024,116275,19532,8462,11070,32584,13096,19488,7554,3943,3611,22089,452,.25326780.18065000.1419856010..34327.620500168177.5500480..0850003900000.0000000010.9800000723001000000020,332688
Colorado,CO,2024,1,Undergraduate totalAll students total,UndergraduateAll students total,425970,187473,238497,4427,1840,2587,15499,7086,8413,34949,13104,21845,87654,35498,52156,1261,564,697,218610,101695,116915,20842,9117,11725,34913,14524,20389,7815,4045,3770,23415,799,1145073424821064.4049332129901811033636.108060030172..00508100850001700000000000000.0.2820000004800090000..0,392445
Connecticut,CT,2020,1,Undergraduate totalAll students total,UndergraduateAll students total,217525,90427,127098,688,247,441,10607,4769,5838,33072,12171,20901,37939,14860,23079,267,107,160,107821,46591,61230,10084,3943,6141,10406,4262,6144,6641,3477,3164,0,0,0,0
Connecticut,CT,2021,1,Undergraduate totalAll students total,UndergraduateAll students total,211441,84140,127301,760,272,488,10323,4521,5802,33892,11677,22215,38626,14185,24441,329,105,224,103970,43216,60754,9098,3466,5632,8669,3604,5065,5774,3094,2680,0,0,0,0
Connecticut,CT,2022,1,Undergraduate totalAll students total,UndergraduateAll students total,204873,82253,122620,732,246,486,10530,4676,5854,33265,11812,21453,39031,14483,24548,300,95,205,98641,41100,57541,8385,3301,5084,7861,3387,4474,6128,3153,2975,177,212,389.0,0
Connecticut,CT,2023,1,Undergraduate totalAll students total,UndergraduateAll students total,204891,83604,121287,730,235,495,10685,4901,5784,33514,12215,21299,40389,15317,25072,320,114,206,97146,40743,56403,8187,3399,4788,7286,3396,3890,6634,3284,3350,144,263,.0000029.0100036014.0.0430.01440000000013000000000000000000.00,187742
Connecticut,CT,2024,1,Undergraduate totalAll students total,UndergraduateAll students total,223252,90681,132571,805,300,505,12383,5714,6669,35987,12807,23180,46180,17641,28539,368,182,186,104244,43571,60673,9520,3938,5582,8041,3618,4423,5724,2910,2814,130,166,.00001134.060.1122.0.1640.012600..0000120000000000000..00,200924
Delaware,DE,2020,1,Undergraduate totalAll students total,UndergraduateAll students total,63169,24118,39051,369,129,240,2397,1074,1323,13861,4707,9154,6683,2408,4275,150,53,97,32655,12673,19982,2353,843,1510,2438,1035,1403,2263,1196,1067,0,0,0,0
Delaware,DE,2021,1,Undergraduate totalAll students total,UndergraduateAll students total,63376,23324,40052,195,64,131,2392,1010,1382,14154,4574,9580,7175,2451,4724,80,33,47,32415,12147,20268,2721,941,1780,1955,868,1087,2289,1236,1053,0,0,0,0
Delaware,DE,2022,1,Undergraduate totalAll students total,UndergraduateAll students total,57134,21144,35990,162,57,105,2224,924,1300,13074,4128,8946,6950,2372,4578,87,44,43,28763,11063,17700,2478,862,1616,1559,670,889,1837,1024,813,280,0,280.0,0
Delaware,DE,2023,1,Undergraduate totalAll students total,UndergraduateAll students total,58053,21856,36197,146,46,100,2256,976,1280,13779,4619,9160,7368,2599,4769,58,16,42,28077,10800,17277,2593,950,1643,1808,823,985,1968,1027,941,289,0,1352419.74.000.000000,56605
Delaware,DE,2024,1,Undergraduate totalAll students total,UndergraduateAll students total,59764,22589,37175,161,55,106,2327,996,1331,14366,4922,9444,8081,2871,5210,75,31,44,28159,10872,17287,2944,1088,1856,1638,726,912,2013,1028,985,690,0,54922849116000000000,59074
District of Columbia,DC,2020,1,Undergraduate totalAll students total,UndergraduateAll students total,64573,23368,41205,291,76,215,3388,1233,2155,18114,4954,13160,7252,2548,4704,120,39,81,23643,9606,14037,2444,859,1585,3721,1356,2365,5600,2697,2903,0,0,0,0
District of Columbia,DC,2021,1,Undergraduate totalAll students total,UndergraduateAll students total,61563,21554,40009,311,81,230,3560,1260,2300,17712,4660,13052,7070,2398,4672,124,40,84,22294,8857,13437,2524,820,1704,3320,1265,2055,4648,2173,2475,0,0,0,0
District of Columbia,DC,2022,1,Undergraduate totalAll students total,UndergraduateAll students total,64248,22357,41891,343,91,252,3903,1358,2545,17881,4808,13073,7446,2562,4884,120,41,79,22972,8926,14046,2732,867,1865,4519,1679,2840,4332,2025,2307,1386,0,1386.0,0
District of Columbia,DC,2023,1,Undergraduate totalAll students total,UndergraduateAll students total,66717,23397,43320,311,87,224,4236,1520,2716,18112,4861,13251,7984,2706,5278,119,35,84,23526,9019,14507,2917,920,1997,5203,2213,2990,4309,2036,2273,1227,0,0141190224550.0...00400,51316
District of Columbia,DC,2024,1,Undergraduate totalAll students total,UndergraduateAll students total,68824,23782,45042,276,74,202,4383,1529,2854,19052,5062,13990,8559,2894,5665,121,37,84,24248,9284,14964,3206,1021,2185,4962,2031,2931,4017,1850,2167,1034,0,018.14.22401731.623000000,50220
Florida,FL,2020,1,Undergraduate totalAll students total,UndergraduateAll students total,1332966,555854,777112,3871,1653,2218,42143,19103,23040,237833,85315,152518,384216,159249,224967,2768,1266,1502,512966,226563,286403,44338,18359,25979,62843,22904,39939,41988,21442,20546,0,0,0,0
Florida,FL,2021,1,Undergraduate totalAll students total,UndergraduateAll students total,1304811,529529,775282,3761,1475,2286,42120,18728,23392,235669,79156,156513,383401,156013,227388,2788,1109,1679,498148,213617,284531,43743,17990,25753,56232,21774,34458,38949,19667,19282,0,0,0,0
Florida,FL,2022,1,Undergraduate totalAll students total,UndergraduateAll students total,1268790,518637,750153,3608,1481,2127,42496,19076,23420,230755,78281,152474,380084,155664,224420,2624,1029,1595,472515,204518,267997,43805,18203,25602,53416,21021,32395,39487,19364,20123,12368,14,12382.0,0
Florida,FL,2023,1,Undergraduate totalAll students total,UndergraduateAll students total,1258815,518964,739851,3416,1372,2044,43044,19476,23568,226429,77298,149131,387148,160377,226771,2334,890,1444,458778,200087,258691,44650,18768,25882,51030,20138,30892,41986,20558,21428,2730,21,0100000000.00600311680120.00132400.0060000007865700000.0011000000001800000028403500000000.00000000440000.44150240000160.130000200007410.0000000000000000000000000000000000000000000000000000000000000000000012000000000.000000000000002100000000000000.00.0000000000000000000000000000000000000202500000000000000000.00000000000000000000000000000000000000000000,1155220
Florida,FL,2024,1,Undergraduate totalAll students total,UndergraduateAll students total,1294419,536685,757734,3319,1325,1994,45239,20742,24497,230800,78378,152422,412629,172435,240194,2309,923,1386,457415,199768,257647,46867,19893,26974,48619,20730,27889,47222,22491,24731,2639,77,08000010.002000821603002200201400006.00001200000.00000000000.000000323747151001000000.0000230.000.46403005006019000050000.1..0000000000.00000003550000.6012.00000000000000000000000000000000000.0000.00000000.0000000000000241.001100000000000000000000112000000000000.000000200002704001200000000000000000.00000000000000000000000000000.0000000,1132514
Georgia,GA,2020,1,Undergraduate totalAll students total,UndergraduateAll students total,600976,235511,365465,2045,783,1262,30608,14380,16228,200780,66949,133831,54844,21669,33175,966,313,653,263986,111047,152939,19406,7619,11787,13984,5852,8132,14357,6899,7458,0,0,0,0
Georgia,GA,2021,1,Undergraduate totalAll students total,UndergraduateAll students total,581868,222810,359058,1854,666,1188,31011,14714,16297,193046,62072,130974,56964,21719,35245,895,279,616,252143,103921,148222,19819,7562,12257,12792,5565,7227,13344,6312,7032,0,0,0,0
Georgia,GA,2022,1,Undergraduate totalAll students total,UndergraduateAll students total,571608,220164,351444,1709,643,1066,31847,15178,16669,188630,61765,126865,59584,22716,36868,768,291,477,242820,100460,142360,19446,7481,11965,12962,5082,7880,13842,6548,7294,1697,37,1734.0,0
Georgia,GA,2023,1,Undergraduate totalAll students total,UndergraduateAll students total,570749,222291,348458,1556,594,962,33618,16320,17298,187220,62195,125025,62206,24039,38167,719,277,442,236949,98979,137970,20551,7889,12662,13706,5309,8397,14224,6689,7535,1513,0,009000000000000009000.0000004800.00.01600010000330000627950.1663800800000000000090000000200000000000000000.00200000000000000000000000000000000.00,551936
Georgia,GA,2024,1,Undergraduate totalAll students total,UndergraduateAll students total,592855,232003,360852,1619,641,978,36385,17760,18625,194965,65430,129535,68533,26481,42052,759,270,489,238445,99946,138499,22616,8697,13919,15285,6063,9222,14248,6715,7533,1550,54,00150024.0110000000030000..00000720.4.0380420031600002100002660802353597200200000000000000000.000000000000017000030.000.0000000.000000000000000000010000,574897
Guam,GU,2020,0,Undergraduate total,Undergraduate,6045,2676,3369,13,5,8,2672,1249,1423,43,26,17,38,13,25,2968,1224,1744,156,81,75,2,1,1,123,65,58,30,12,18,0,0,0,0
Guam,GU,2021,0,Undergraduate total,Undergraduate,5957,2466,3491,9,4,5,2641,1186,1455,38,26,12,37,15,22,2851,1083,1768,140,72,68,15,6,9,210,71,139,16,3,13,0,0,0,0
Guam,GU,2022,0,Undergraduate total,Undergraduate,5507,2378,3129,5,2,3,2453,1119,1334,29,19,10,41,17,24,2630,1073,1557,114,61,53,11,8,3,197,72,125,27,7,20,0,0,0.0,0
Guam,GU,2023,0,Undergraduate total,Undergraduate,5920,2663,3257,8,4,4,2625,1230,1395,29,16,13,40,18,22,2845,1225,1620,105,57,48,54,27,27,138,56,82,76,30,46,0,0,000,5920
Guam,GU,2024,0,Undergraduate total,Undergraduate,4825,2064,2761,6,6,0,2128,971,1157,27,11,16,31,18,13,2315,902,1413,99,55,44,88,44,44,94,51,43,37,6,31,0,0,.00,2987
Hawaii,HI,2020,1,Undergraduate totalAll students total,UndergraduateAll students total,72592,27748,44844,159,46,113,21910,8754,13156,1331,651,680,9336,3193,6143,4366,1519,2847,10363,4012,6351,19790,7414,12376,1621,710,911,3716,1449,2267,0,0,0,0
Hawaii,HI,2021,1,Undergraduate totalAll students total,UndergraduateAll students total,72312,26585,45727,163,49,114,21179,8191,12988,1198,576,622,9482,3138,6344,4295,1385,2910,10399,3796,6603,20715,7444,13271,1598,697,901,3283,1309,1974,0,0,0,0
Hawaii,HI,2022,1,Undergraduate totalAll students total,UndergraduateAll students total,71094,25939,45155,184,50,134,20206,7912,12294,1181,558,623,9657,3152,6505,4101,1317,2784,10799,3871,6928,19476,6978,12498,1579,633,946,3911,1468,2443,1632,0,1632.0,0
Hawaii,HI,2023,1,Undergraduate totalAll students total,UndergraduateAll students total,69628,25712,43916,142,31,111,20028,7858,12170,1188,568,620,9684,3274,6410,4045,1377,2668,10148,3647,6501,19080,6923,12157,1326,551,775,3987,1483,2504,1371,0,043271.18513801001171515626110246000000,63170
Hawaii,HI,2024,1,Undergraduate totalAll students total,UndergraduateAll students total,71303,26786,44517,126,41,85,20574,8165,12409,1280,620,660,10329,3571,6758,3837,1278,2559,10409,3845,6564,19508,7210,12298,1381,555,826,3859,1501,2358,1146,8,04323081351160.008412859214884800000,70130
Idaho,ID,2020,1,Undergraduate totalAll students total,UndergraduateAll students total,169883,71683,98200,1139,442,697,2587,1025,1562,1715,873,842,17611,6734,10877,747,313,434,119686,50216,69470,8740,3673,5067,7785,3178,4607,9873,5229,4644,0,0,0,0
Idaho,ID,2021,1,Undergraduate totalAll students total,UndergraduateAll students total,167119,69972,97147,982,358,624,3144,1283,1861,2973,1667,1306,18246,6959,11287,994,406,588,115579,47639,67940,9983,4271,5712,11791,5546,6245,3427,1843,1584,0,0,0,0
Idaho,ID,2022,1,Undergraduate totalAll students total,UndergraduateAll students total,168555,71975,96580,1031,392,639,3141,1276,1865,3296,1902,1394,26569,10956,15613,885,329,556,115983,48766,67217,5277,2324,2953,8982,4167,4815,3391,1863,1528,24,14,38.0,0
Idaho,ID,2023,1,Undergraduate totalAll students total,UndergraduateAll students total,167298,71488,95810,1015,390,625,2736,1109,1627,3010,1693,1317,26846,11051,15795,705,297,408,112581,47373,65208,5451,2364,3087,11713,5484,6229,3241,1727,1514,58,10,0071700006037.10000.000000000000000.,166412
Idaho,ID,2024,1,Undergraduate totalAll students total,UndergraduateAll students total,176635,76306,100329,1089,446,643,2989,1220,1769,4094,2280,1814,28216,11916,16300,805,325,480,115083,48788,66295,6060,2652,3408,15145,7005,8140,3154,1674,1480,71,13,0095.000.049.160000000003000000000,158571
Illinois,IL,2020,1,Undergraduate totalAll students total,UndergraduateAll students total,835027,364050,470977,1928,845,1083,51795,24246,27549,108363,39948,68415,179441,73235,106206,1036,461,575,415357,188758,226599,23780,10369,13411,31804,14494,17310,21523,11694,9829,0,0,0,0
Illinois,IL,2021,1,Undergraduate totalAll students total,UndergraduateAll students total,771963,319773,452190,1840,733,1107,50690,23397,27293,100177,33111,67066,164601,62641,101960,954,403,551,380279,165600,214679,23476,9753,13723,30420,13397,17023,19526,10738,8788,0,0,0,0
Illinois,IL,2022,1,Undergraduate totalAll students total,UndergraduateAll students total,759059,318870,440189,1902,815,1087,51388,23891,27497,101042,34365,66677,170141,66259,103882,896,370,526,359607,158211,201396,23211,9922,13289,29572,13375,16197,21300,11662,9638,8195,749,8944.0,0
Illinois,IL,2023,1,Undergraduate totalAll students total,UndergraduateAll students total,774056,330683,443373,2023,891,1132,52934,24768,28166,105841,36856,68985,180029,72404,107625,1161,521,640,352359,157033,195326,24117,10403,13714,32231,14997,17234,23361,12810,10551,8813,1213,000.0.0000960.2150000920199.51901100.00170511400400010800200178000000351.10019200273900000.00007804675386.0000008...321117..006261590000000370..44..15.580125103818500004102305640562170......0.0..121001813510002000000620...000000000000000000000000000000000000.00.00048008000,623688
Illinois,IL,2024,1,Undergraduate totalAll students total,UndergraduateAll students total,803860,344949,458911,2152,942,1210,55240,26013,29227,113638,40002,73636,198219,80928,117291,1284,566,718,351239,157036,194203,26083,11195,14888,31775,15070,16705,24230,13197,11033,4395,1549,000010.00.3200.00.0000079.5018.260037034.000275032004901840003.003.00022110364500000000880435395.0000031.16.25.15.1400726191000000055091055713905384750219225315900006808060301011850813165.196001014700105000..00000600000001000000000000000000000000000000000000002600110.00,727991
Indiana,IN,2020,1,Undergraduate totalAll students total,UndergraduateAll students total,501183,219404,281779,1383,620,763,15511,7630,7881,52719,18474,34245,38268,16572,21696,720,353,367,337016,151282,185734,20606,8661,11945,19832,6605,13227,15128,9207,5921,0,0,0,0
Indiana,IN,2021,1,Undergraduate totalAll students total,UndergraduateAll students total,490358,212850,277508,1358,593,765,17149,8381,8768,50414,17433,32981,40935,17513,23422,674,323,351,326220,143989,182231,21252,8865,12387,20750,8404,12346,11606,7349,4257,0,0,0,0
Indiana,IN,2022,1,Undergraduate totalAll students total,UndergraduateAll students total,497606,222394,275212,1302,600,702,19258,9563,9695,48301,17262,31039,40630,17229,23401,680,326,354,321083,143933,177150,20090,8470,11620,34747,17726,17021,11515,7285,4230,3064,93,3157.0,0
Indiana,IN,2023,1,Undergraduate totalAll students total,UndergraduateAll students total,507662,229852,277810,2156,1075,1081,21465,10901,10564,51898,19512,32386,41429,17966,23463,889,429,460,327379,148108,179271,21658,9318,12340,28843,15102,13741,11945,7441,4504,3639,369,0704..521920.06000269211055.937...0.0025.000217511116004918000003864402730000002569000000000000000000000000000000.00000000,467620
Indiana,IN,2024,1,Undergraduate totalAll students total,UndergraduateAll students total,528703,240625,288078,2657,1362,1295,23753,12076,11677,57135,21950,35185,42863,18761,24102,971,475,496,335566,152507,183059,23380,10339,13041,29076,14770,14306,13302,8385,4917,4513,720,11301081321410501000.71511001061217631225187.0000000.41.0210300604101000561181000000003076000000000000.002000001000002000.20000000,506755
Iowa,IA,2020,1,Undergraduate totalAll students total,UndergraduateAll students total,241876,110866,131010,990,448,542,7033,3364,3669,14742,7076,7666,18108,7839,10269,365,192,173,170488,76344,94144,6256,2668,3588,16093,8168,7925,7801,4767,3034,0,0,0,0
Iowa,IA,2021,1,Undergraduate totalAll students total,UndergraduateAll students total,229148,102605,126543,884,396,488,6702,3178,3524,14000,6704,7296,17563,7434,10129,344,182,162,161477,70711,90766,6438,2781,3657,15880,7653,8227,5860,3566,2294,0,0,0,0
Iowa,IA,2022,1,Undergraduate totalAll students total,UndergraduateAll students total,224697,101035,123662,933,422,511,6705,3186,3519,13604,6501,7103,18129,7819,10310,378,179,199,157788,69236,88552,6682,2949,3733,14829,7302,7527,5649,3441,2208,1456,27,1483.0,0
Iowa,IA,2023,1,Undergraduate totalAll students total,UndergraduateAll students total,221419,99858,121561,890,403,487,7181,3537,3644,13432,6359,7073,18853,8115,10738,379,177,202,155926,68655,87271,6745,2966,3779,12649,6428,6221,5364,3218,2146,1352,27,00400000000190.00.0226000000000.000942100000000024000116.00.047000000.000000000000,197553
Iowa,IA,2024,1,Undergraduate totalAll students total,UndergraduateAll students total,222629,99905,122724,851,382,469,6827,3227,3600,13644,6338,7306,19815,8377,11438,337,160,177,155199,68227,86972,7118,3093,4025,13192,6738,6454,5646,3363,2283,1310,148,0078004902100230.25800.2400000.20.0..59300000.00042900030480000..10000.000.0000.000,172136
Kansas,KS,2020,1,Undergraduate totalAll students total,UndergraduateAll students total,236788,106060,130728,2935,1271,1664,7401,3436,3965,16966,8501,8465,27765,11891,15874,585,290,295,148589,64825,83764,9776,4141,5635,10574,5290,5284,12197,6415,5782,0,0,0,0
Kansas,KS,2021,1,Undergraduate totalAll students total,UndergraduateAll students total,221560,98143,123417,2669,1132,1537,6834,3119,3715,16171,8164,8007,26388,11195,15193,570,299,271,137829,59712,78117,9228,3799,5429,9902,4780,5122,11969,5943,6026,0,0,0,0
Kansas,KS,2022,1,Undergraduate totalAll students total,UndergraduateAll students total,215755,96758,118997,2538,1071,1467,6965,3194,3771,15436,7861,7575,26858,11528,15330,552,265,287,132909,58593,74316,9116,3841,5275,14678,6561,8117,6703,3844,2859,405,34,439.0,0
Kansas,KS,2023,1,Undergraduate totalAll students total,UndergraduateAll students total,215008,96828,118180,2727,1162,1565,6892,3131,3761,15421,7814,7607,27938,11944,15994,594,286,308,131897,58517,73380,9507,4216,5291,13645,6143,7502,6387,3615,2772,605,78,000010111201103400.05020044300.0.0018121383000.0000050.22148059.500016002600000.00000.00,201479
Kansas,KS,2024,1,Undergraduate totalAll students total,UndergraduateAll students total,219377,98231,121146,2929,1259,1670,7104,3259,3845,15669,7858,7811,30235,12791,17444,621,298,323,132498,58416,74082,10026,4426,5600,13057,5974,7083,7238,3950,3288,1017,112,5000.0201207.01121000.0..1043400205...01181762731..00000547.311490..3000320022000.00000000000,188504
Kentucky,KY,2020,1,Undergraduate totalAll students total,UndergraduateAll students total,268853,111972,156881,597,271,326,4881,2101,2780,24130,9574,14556,11720,4807,6913,275,121,154,201305,83304,118001,9263,3497,5766,13389,6311,7078,3293,1986,1307,0,0,0,0
Kentucky,KY,2021,1,Undergraduate totalAll students total,UndergraduateAll students total,251951,99174,152777,535,201,334,5066,2087,2979,23595,8863,14732,12161,4786,7375,271,100,171,186372,73196,113176,9218,3329,5889,11819,4901,6918,2914,1711,1203,0,0,0,0
Kentucky,KY,2022,1,Undergraduate totalAll students total,UndergraduateAll students total,252168,99590,152578,564,227,337,5460,2256,3204,23999,9006,14993,13051,5069,7982,267,113,154,184408,73069,111339,9137,3296,5841,11915,4677,7238,3367,1877,1490,1951,88,2039.0,0
Kentucky,KY,2023,1,Undergraduate totalAll students total,UndergraduateAll students total,261384,103753,157631,594,220,374,5809,2382,3427,25205,9635,15570,14417,5737,8680,287,133,154,190817,75915,114902,9768,3650,6118,11131,4245,6886,3356,1836,1520,1832,107,0048285170000.00005000000.000012000081074407821209701072463603358811085500003575053000000000000000000000,249177
Kentucky,KY,2024,1,Undergraduate totalAll students total,UndergraduateAll students total,272174,107660,164514,651,256,395,6252,2606,3646,26402,10065,16337,16387,6470,9917,299,126,173,197349,77811,119538,10653,3944,6709,11035,4618,6417,3146,1764,1382,2505,285,005210614101500150190000930016900.0000600.0131003708131601330180112570601166892250560000386209300000000030000000000000,259235
Louisiana,LA,2020,1,Undergraduate totalAll students total,UndergraduateAll students total,270057,101929,168128,1817,652,1165,5729,2512,3217,88209,27176,61033,15093,5798,9295,1895,592,1303,132800,54225,78575,8368,3128,5240,11183,5115,6068,4963,2731,2232,0,0,0,0
Louisiana,LA,2021,1,Undergraduate totalAll students total,UndergraduateAll students total,265045,96286,168759,1920,660,1260,5857,2548,3309,88211,26081,62130,15347,5796,9551,2006,596,1410,130157,51889,78268,8883,3235,5648,8628,3459,5169,4036,2022,2014,0,0,0,0
Louisiana,LA,2022,1,Undergraduate totalAll students total,UndergraduateAll students total,260512,96097,164415,1964,678,1286,5951,2577,3374,88028,26517,61511,15378,5850,9528,921,290,631,126708,50815,75893,7828,2872,4956,9504,4410,5094,4230,2088,2142,173,0,173.0,0
Louisiana,LA,2023,1,Undergraduate totalAll students total,UndergraduateAll students total,263460,97382,166078,1681,589,1092,5978,2601,3377,91593,27594,63999,16312,6177,10135,504,176,328,125547,50928,74619,7842,2878,4964,9631,4258,5373,4372,2181,2191,67,0,20000000.00000050500000730001710000000.000000000000000000000000000000000000000000000000000000900000000000000,234597
Louisiana,LA,2024,1,Undergraduate totalAll students total,UndergraduateAll students total,271380,100688,170692,1530,558,972,6345,2774,3571,93864,28128,65736,17898,6936,10962,349,129,220,127766,52273,75493,8532,3096,5436,10468,4432,6036,4628,2362,2266,54,0,01000000000070013000000911.0.2020000000000.0.000000000000.0000000000000000000000.0000000000000000000000000000,264810
Maine,ME,2020,1,Undergraduate totalAll students total,UndergraduateAll students total,81904,33536,48368,659,245,414,1878,714,1164,3139,1497,1642,2401,1085,1316,91,36,55,59812,24227,35585,2291,936,1355,10263,4090,6173,1370,706,664,0,0,0,0
Maine,ME,2021,1,Undergraduate totalAll students total,UndergraduateAll students total,78309,31123,47186,535,199,336,1825,704,1121,3069,1482,1587,2622,1144,1478,78,23,55,57588,22639,34949,2337,914,1423,8941,3342,5599,1314,676,638,0,0,0,0
Maine,ME,2022,1,Undergraduate totalAll students total,UndergraduateAll students total,78836,30820,48016,521,191,330,1647,619,1028,3203,1486,1717,3093,1287,1806,73,27,46,57145,22226,34919,2693,1041,1652,8976,3161,5815,1485,782,703,1007,63,1070.0,0
Maine,ME,2023,1,Undergraduate totalAll students total,UndergraduateAll students total,84042,32773,51269,619,246,373,2341,882,1459,4054,1801,2253,3948,1600,2348,92,32,60,63349,24226,39123,2994,1139,1855,5094,2045,3049,1551,802,749,1324,141,0111800.73883120215236310059.18620..5752.400.57001,65574
Maine,ME,2024,1,Undergraduate totalAll students total,UndergraduateAll students total,89981,35393,54588,674,243,431,2511,955,1556,4738,2116,2622,4644,1871,2773,90,24,66,66513,25738,40775,3434,1271,2163,5560,2239,3321,1817,936,881,1372,401,04715000.7638257046415410136.2291210067699100025127200,80995
Marshall Islands,MH,2020,0,Undergraduate total,Undergraduate,1329,621,708,0,0,0,9,4,5,0,0,0,0,0,0,1303,608,695,13,8,5,3,0,3,1,1,0,0,0,0,0,0,0,0
Marshall Islands,MH,2021,0,Undergraduate total,Undergraduate,1637,748,889,0,0,0,4,3,1,1,0,1,0,0,0,1623,742,881,5,2,3,3,1,2,1,0,1,0,0,0,0,0,0,0
Marshall Islands,MH,2022,0,Undergraduate total,Undergraduate,1840,823,1017,0,0,0,5,2,3,1,1,0,1,0,1,1823,814,1009,5,4,1,2,1,1,2,1,1,1,0,1,0,0,0.0,0
Marshall Islands,MH,2023,0,Undergraduate total,Undergraduate,1735,772,963,0,0,0,1,0,1,0,0,0,1,0,1,1723,768,955,1,1,0,3,0,3,0,0,0,6,3,3,0,0,.,0
Marshall Islands,MH,2024,0,Undergraduate total,Undergraduate,1450,657,793,0,0,0,9,4,5,0,0,0,1,0,1,1438,651,787,2,2,0,0,0,0,0,0,0,0,0,0,0,0,.,0
Maryland,MD,2020,1,Undergraduate totalAll students total,UndergraduateAll students total,382640,172313,210327,1173,504,669,27755,13728,14027,110238,43393,66845,41191,19095,22096,998,559,439,154046,73116,80930,16825,7448,9377,16164,7904,8260,14250,6566,7684,0,0,0,0
Maryland,MD,2021,1,Undergraduate totalAll students total,UndergraduateAll students total,371786,162947,208839,1099,485,614,28273,13789,14484,107322,40154,67168,41969,18888,23081,1010,544,466,145529,67972,77557,17550,7661,9889,16302,7780,8522,12732,5674,7058,0,0,0,0
Maryland,MD,2022,1,Undergraduate totalAll students total,UndergraduateAll students total,351175,156055,195120,1012,467,545,27475,13686,13789,100909,38779,62130,41507,19063,22444,952,494,458,133696,63092,70604,16261,7140,9121,16831,7890,8941,12532,5444,7088,4687,340,5027.0,0
Maryland,MD,2023,1,Undergraduate totalAll students total,UndergraduateAll students total,356051,161701,194350,1020,491,529,28765,14567,14198,103207,41021,62186,44860,21080,23780,980,505,475,129560,62470,67090,16822,7499,9323,17027,7999,9028,13810,6069,7741,5879,392,1615100054.114032411063020.0.100.021.02341.00090000000.06570041845000011601270.0170129000.0000000000,305734
Maryland,MD,2024,1,Undergraduate totalAll students total,UndergraduateAll students total,372570,169695,202875,1118,519,599,30173,15359,14814,107485,42975,64510,48668,22984,25684,1009,528,481,129768,62382,67386,18089,8076,10013,21651,10412,11239,14609,6460,8149,10037,676,214..00103.0352566639835313.00400.02010801713556000121800002601505100011522490000440230014037012300.0000000000,346412
Massachusetts,MA,2020,1,Undergraduate totalAll students total,UndergraduateAll students total,439647,187778,251869,799,309,490,35557,15400,20157,41755,16511,25244,58071,21705,36366,361,149,212,221158,97363,123795,15258,6270,8988,33297,13514,19783,33391,16557,16834,0,0,0,0
Massachusetts,MA,2021,1,Undergraduate totalAll students total,UndergraduateAll students total,414913,173694,241219,735,264,471,36286,15452,20834,39174,14816,24358,55894,20205,35689,343,152,191,208294,90053,118241,15610,6270,9340,28653,11532,17121,29924,14950,14974,0,0,0,0
Massachusetts,MA,2022,1,Undergraduate totalAll students total,UndergraduateAll students total,407759,170809,236950,719,270,449,38011,16346,21665,38623,14652,23971,56551,20445,36106,324,137,187,199457,86283,113174,16013,6561,9452,27823,11231,16592,30238,14884,15354,2032,300,2332.0,0
Massachusetts,MA,2023,1,Undergraduate totalAll students total,UndergraduateAll students total,401504,169233,232271,670,248,422,38689,16715,21974,38436,14728,23708,58729,21572,37157,327,129,198,189896,82427,107469,15769,6523,9246,27584,11436,16148,31404,15455,15949,2599,620,0041350180870247000041.02.002.50728130117.000.00.1301221200.0000..345000003120.00.0113414.0010401086205002000240134070204000001243840014903482178092700.0691000000000000..00000000.00.0,346888
Massachusetts,MA,2024,1,Undergraduate totalAll students total,UndergraduateAll students total,408625,172260,236365,659,262,397,39905,17301,22604,40453,15645,24808,63364,23170,40194,306,129,177,187893,81768,106125,16659,6811,9848,27555,11465,16090,31831,15709,16122,4075,1014,006500490143131849000160.01.032307057.1303360000390..1423.190.0.07009.10955119790035841902.031521600.63111673090.00003713301291420.0.97444401560257110112.613400840187000.0000000084000000000000270,361387
Michigan,MI,2020,1,Undergraduate totalAll students total,UndergraduateAll students total,576553,253628,322925,3331,1299,2032,23282,11350,11932,74013,26770,47243,33129,14189,18940,606,293,313,373092,166463,206629,22271,9110,13161,29341,14339,15002,17488,9815,7673,0,0,0,0
Michigan,MI,2021,1,Undergraduate totalAll students total,UndergraduateAll students total,537310,227366,309944,2996,1106,1890,23643,11274,12369,67379,22614,44765,32630,13431,19199,517,242,275,346848,149235,197613,21639,8689,12950,26934,12402,14532,14724,8373,6351,0,0,0,0
Michigan,MI,2022,1,Undergraduate totalAll students total,UndergraduateAll students total,527433,224248,303185,3061,1127,1934,24202,11601,12601,67715,22705,45010,34616,14195,20421,530,251,279,330056,142671,187385,21139,8535,12604,31441,14862,16579,14673,8301,6372,3131,67,3198.0,0
Michigan,MI,2023,1,Undergraduate totalAll students total,UndergraduateAll students total,511509,219992,291517,3080,1168,1912,24841,11917,12924,67159,23298,43861,35578,14711,20867,491,239,252,312017,136239,175778,20707,8429,12278,31670,14903,16767,15966,9088,6878,3549,119,0000000002300314.0010009809300008.00015021499017000000000021800004000000000000.0.00993600024271.0086004833205600000510300000000000000000000.010000000000000000000000.0000000.000,498884
Michigan,MI,2024,1,Undergraduate totalAll students total,UndergraduateAll students total,524509,227209,297300,3343,1260,2083,25935,12433,13502,73105,26252,46853,39090,16185,22905,490,244,246,315417,138245,177172,21743,8981,12762,28738,14111,14627,16648,9498,7150,4751,209,02704230.052100238.0070050019800.0131610.01202782137.000000000.714000030.00000000000.00013733000183320480100183324300100042000000.0.001.0200.0000.0000001010000.00000.00000330000..00.00,492967
Micronesia,FM,2020,0,Undergraduate total,Undergraduate,2462,1049,1413,0,0,0,1,1,0,0,0,0,0,0,0,2445,1043,1402,1,1,0,0,0,0,15,4,11,0,0,0,0,0,0,0
Micronesia,FM,2021,0,Undergraduate total,Undergraduate,2595,1076,1519,0,0,0,2,0,2,0,0,0,0,0,0,2593,1076,1517,0,0,0,0,0,0,0,0,0,0,0,0,0,0,0,0
Micronesia,FM,2022,0,Undergraduate total,Undergraduate,2830,1167,1663,0,0,0,2,0,2,0,0,0,0,0,0,2828,1167,1661,0,0,0,0,0,0,0,0,0,0,0,0,0,0,0.0,0
Micronesia,FM,2023,0,Undergraduate total,Undergraduate,2438,942,1496,0,0,0,4,1,3,0,0,0,0,0,0,2434,941,1493,0,0,0,0,0,0,0,0,0,0,0,0,0,0,0,2438
Micronesia,FM,2024,0,Undergraduate total,Undergraduate,2437,937,1500,0,0,0,4,1,3,1,0,1,0,0,0,2429,935,1494,0,0,0,0,0,0,3,1,2,0,0,0,0,0,0,2437
Minnesota,MN,2020,1,Undergraduate totalAll students total,UndergraduateAll students total,386490,156124,230366,2991,1083,1908,23272,9651,13621,43331,16323,27008,25047,9589,15458,457,190,267,242959,99022,143937,14707,5715,8992,22911,8636,14275,10815,5915,4900,0,0,0,0
Minnesota,MN,2021,1,Undergraduate totalAll students total,UndergraduateAll students total,375461,146384,229077,2730,960,1770,23243,9270,13973,44171,15407,28764,25743,9230,16513,468,182,286,237460,94069,143391,14358,5276,9082,18273,7056,11217,9015,4934,4081,0,0,0,0
Minnesota,MN,2022,1,Undergraduate totalAll students total,UndergraduateAll students total,359597,140130,219467,2723,972,1751,22109,8898,13211,45243,15536,29707,25926,9183,16743,423,166,257,222762,88291,134471,14209,5216,8993,17315,7129,10186,8887,4739,4148,4143,211,4354.0,0
Minnesota,MN,2023,1,Undergraduate totalAll students total,UndergraduateAll students total,358397,138417,219980,2934,1021,1913,22392,9096,13296,48739,16127,32612,27906,9734,18172,398,143,255,215439,84866,130573,14295,5260,9035,17478,7476,10002,8816,4694,4122,4899,330,44810.24017010001752086071122069007143600.0.31.115024.80340.19.100..57....147557884.061.3150.48709....05414..102000000060,253828
Minnesota,MN,2024,1,Undergraduate totalAll students total,UndergraduateAll students total,379498,143431,236067,3396,1164,2232,23142,9395,13747,57315,18172,39143,31933,10854,21079,467,154,313,219974,85350,134624,15507,5793,9714,18651,7844,10807,9113,4705,4408,5129,600,5900.240140.00445918606213551930.691267000002603554033.50340.15.400..9090.4716614860749133069.3340055642..891205340236810750000.0500,300608
Mississippi,MS,2020,1,Undergraduate totalAll students total,UndergraduateAll students total,189601,74062,115539,940,345,595,2566,1169,1397,69890,24007,45883,5205,2124,3081,139,64,75,100970,41759,59211,3661,1436,2225,4323,2079,2244,1907,1079,828,0,0,0,0
Mississippi,MS,2021,1,Undergraduate totalAll students total,UndergraduateAll students total,184468,69851,114617,929,318,611,2232,976,1256,68069,22339,45730,5262,2114,3148,118,59,59,98416,39833,58583,3839,1493,2346,4089,1812,2277,1514,907,607,0,0,0,0
Mississippi,MS,2022,1,Undergraduate totalAll students total,UndergraduateAll students total,172010,66286,105724,868,281,587,2131,961,1170,64056,21729,42327,5393,2222,3171,138,53,85,90702,37178,53524,3741,1465,2276,3556,1638,1918,1425,759,666,328,0,328.0,0
Mississippi,MS,2023,1,Undergraduate totalAll students total,UndergraduateAll students total,170301,65705,104596,880,315,565,2079,869,1210,62178,21199,40979,5707,2370,3337,123,46,77,89300,36414,52886,3880,1495,2385,4693,2156,2537,1461,841,620,527,8,000000000000001100.00011660014300310001460230000000000000000,169305
Mississippi,MS,2024,1,Undergraduate totalAll students total,UndergraduateAll students total,174268,67992,106276,953,367,586,2209,960,1249,63624,22133,41491,6458,2723,3735,133,52,81,90837,37382,53455,4236,1696,2540,4223,1761,2462,1595,918,677,814,0,00000000000.0000046000.1780015600330.03700310000000000000000,167214
Missouri,MO,2020,1,Undergraduate totalAll students total,UndergraduateAll students total,361649,151057,210592,1682,658,1024,10388,4618,5770,41330,15501,25829,21868,9434,12434,701,323,378,249641,103962,145679,14139,5850,8289,12911,5645,7266,8989,5066,3923,0,0,0,0
Missouri,MO,2021,1,Undergraduate totalAll students total,UndergraduateAll students total,342896,140733,202163,1581,616,965,10295,4447,5848,38179,13873,24306,21865,9191,12674,689,309,380,237892,97661,140231,13970,5675,8295,11786,5159,6627,6639,3802,2837,0,0,0,0
Missouri,MO,2022,1,Undergraduate totalAll students total,UndergraduateAll students total,329636,135584,194052,1502,605,897,10587,4536,6051,36620,13323,23297,22555,9454,13101,643,272,371,225648,92992,132656,13659,5495,8164,11553,5069,6484,6869,3838,3031,1389,67,1456.0,0
Missouri,MO,2023,1,Undergraduate totalAll students total,UndergraduateAll students total,320973,132548,188425,1552,627,925,10451,4514,5937,35178,12806,22372,22379,9298,13081,573,270,303,215144,89198,125946,13548,5462,8086,15011,6422,8589,7137,3951,3186,1254,116,0130008.39800000190007000310000.06217531500510270203544300..32040033000.0100000003200000000.65005200000000000000000000000000.000000000000000.0000,297756
Missouri,MO,2024,1,Undergraduate totalAll students total,UndergraduateAll students total,322732,134222,188510,1577,657,920,10703,4603,6100,36208,13520,22688,23440,9696,13744,632,299,333,214621,89275,125346,14234,5812,8422,13414,5990,7424,7903,4370,3533,1946,230,0180000251715700000.000.00.000020.121826017200660.0.530372025.32.121052000.050000000500000000.221500067330140.000000.000000000000.000000000000000000000,278840
Montana,MT,2020,1,Undergraduate totalAll students total,UndergraduateAll students total,53889,23979,29910,4659,1840,2819,544,203,341,490,306,184,2311,1037,1274,110,64,46,39911,17632,22279,2284,1050,1234,2642,1214,1428,938,633,305,0,0,0,0
Montana,MT,2021,1,Undergraduate totalAll students total,UndergraduateAll students total,50410,22095,28315,4652,1610,3042,524,189,335,567,387,180,2363,1037,1326,94,45,49,37520,16595,20925,2148,921,1227,1961,899,1062,581,412,169,0,0,0,0
Montana,MT,2022,1,Undergraduate totalAll students total,UndergraduateAll students total,51168,22525,28643,4598,1565,3033,525,201,324,477,304,173,2411,1060,1351,106,42,64,38273,17145,21128,2360,1010,1350,1803,826,977,615,372,243,259,2,261.0,0
Montana,MT,2023,1,Undergraduate totalAll students total,UndergraduateAll students total,52033,22842,29191,4775,1592,3183,562,226,336,448,298,150,2588,1113,1475,90,43,47,38165,17102,21063,2893,1281,1612,1914,853,1061,598,334,264,315,0,001000139702..000.0116.130280.100044,48175
Montana,MT,2024,1,Undergraduate totalAll students total,UndergraduateAll students total,52325,23189,29136,4387,1520,2867,542,214,328,413,267,146,2772,1198,1574,81,34,47,38368,17327,21041,3326,1487,1839,1900,864,1036,536,278,258,307,0,004001147.00..00001.200.00440190117,36672
Nebraska,NE,2020,1,Undergraduate totalAll students total,UndergraduateAll students total,147555,64237,83318,1286,464,822,4495,2064,2431,8313,3637,4676,17260,7021,10239,254,103,151,99921,43147,56774,4663,1884,2779,7076,3297,3779,4287,2620,1667,0,0,0,0
Nebraska,NE,2021,1,Undergraduate totalAll students total,UndergraduateAll students total,141420,61291,80129,1236,469,767,4154,1830,2324,8111,3585,4526,17529,7173,10356,248,93,155,95197,40917,54280,4577,1794,2783,7413,3654,3759,2955,1776,1179,0,0,0,0
Nebraska,NE,2022,1,Undergraduate totalAll students total,UndergraduateAll students total,141757,61314,80443,1541,545,996,4185,1823,2362,8734,3739,4995,18672,7782,10890,223,84,139,94859,40809,54050,5071,2031,3040,5779,2957,2822,2693,1544,1149,756,46,802.0,0
Nebraska,NE,2023,1,Undergraduate totalAll students total,UndergraduateAll students total,143574,62678,80896,1564,566,998,4260,1886,2374,9217,4036,5181,20297,8468,11829,224,91,133,93630,40644,52986,5196,2130,3066,6530,3335,3195,2656,1522,1134,662,156,5600100510.0.0...00430000700001350040600.0.00,120537
Nebraska,NE,2024,1,Undergraduate totalAll students total,UndergraduateAll students total,146741,64464,82277,1712,638,1074,4532,2000,2532,9733,4274,5459,21183,8904,12279,215,93,122,93362,40696,52666,5590,2316,3274,7683,4021,3662,2731,1522,1209,441,227,379320080000..820..038100..0100121000090050000,133236
Nevada,NV,2020,1,Undergraduate totalAll students total,UndergraduateAll students total,143474,58558,84916,1020,393,627,14538,6076,8462,12361,4410,7951,43144,16621,26523,1537,637,900,53244,23126,30118,10155,4092,6063,5913,2528,3385,1562,675,887,0,0,0,0
Nevada,NV,2021,1,Undergraduate totalAll students total,UndergraduateAll students total,139360,54624,84736,885,313,572,14252,5814,8438,12006,4021,7985,43665,16061,27604,1460,578,882,49683,20918,28765,10624,4078,6546,5613,2319,3294,1172,522,650,0,0,0,0
Nevada,NV,2022,1,Undergraduate totalAll students total,UndergraduateAll students total,136776,53978,82798,927,346,581,13928,5751,8177,12377,4077,8300,44431,16402,28029,1329,528,801,46345,19697,26648,10742,4175,6567,5637,2541,3096,1060,461,599,166,3,169.0,0
Nevada,NV,2023,1,Undergraduate totalAll students total,UndergraduateAll students total,136783,55113,81670,830,316,514,13963,5889,8074,12454,4275,8179,46094,17442,28652,1282,500,782,44358,19184,25174,11467,4569,6898,5297,2482,2815,1038,456,582,665,0,483...00.3000050030022.00010.00.000300020,77812
Nevada,NV,2024,1,Undergraduate totalAll students total,UndergraduateAll students total,142173,57682,84491,915,356,559,14143,6049,8094,12839,4467,8372,49140,18633,30507,1362,551,811,44696,19456,25240,12615,5133,7482,5440,2582,2858,1023,455,568,705,59,331.61630..8030600000446000..00.000.003.0,118091
New Hampshire,NH,2020,1,Undergraduate totalAll students total,UndergraduateAll students total,201022,76937,124085,981,320,661,4012,1720,2292,24095,7245,16850,18123,6496,11627,528,164,364,122423,48493,73930,4976,1781,3195,23969,9736,14233,1915,982,933,0,0,0,0
New Hampshire,NH,2021,1,Undergraduate totalAll students total,UndergraduateAll students total,223797,85831,137966,1046,362,684,4454,2000,2454,25609,7994,17615,21289,7712,13577,605,200,405,124233,48592,75641,5640,2038,3602,39163,16075,23088,1758,858,900,0,0,0,0
New Hampshire,NH,2022,1,Undergraduate totalAll students total,UndergraduateAll students total,242812,91905,150907,1249,438,811,5039,2270,2769,29208,9104,20104,24840,9250,15590,690,229,461,128623,50053,78570,6897,2445,4452,44351,17247,27104,1915,869,1046,25378,48,25426.0,0
New Hampshire,NH,2023,1,Undergraduate totalAll students total,UndergraduateAll students total,272327,105041,167286,1730,647,1083,6542,3044,3498,39679,12474,27205,32570,12452,20118,907,316,591,149690,59641,90049,9166,3259,5907,29887,12250,17637,2156,958,1198,21899,81,011000.214183425915005300000004828091980000,249055
New Hampshire,NH,2024,1,Undergraduate totalAll students total,UndergraduateAll students total,270903,104372,166531,1765,649,1116,6917,3188,3729,40929,12715,28214,35114,13800,21314,921,324,597,149485,59727,89758,10069,3629,6440,23421,9347,14074,2282,993,1289,11680,2206,0121..1284214456.0047000000328341415791060000,251200
New Jersey,NJ,2020,1,Undergraduate totalAll students total,UndergraduateAll students total,470856,211642,259214,1022,471,551,42177,20830,21347,66984,24900,42084,105216,42238,62978,1002,465,537,195818,95045,100773,12028,5344,6684,31146,14282,16864,15463,8067,7396,0,0,0,0
New Jersey,NJ,2021,1,Undergraduate totalAll students total,UndergraduateAll students total,451268,197806,253462,950,430,520,41948,20453,21495,64534,23006,41528,102465,39457,63008,868,383,485,186479,88895,97584,12613,5378,7235,27358,12444,14914,14053,7360,6693,0,0,0,0
New Jersey,NJ,2022,1,Undergraduate totalAll students total,UndergraduateAll students total,432814,191239,241575,854,385,469,41549,20410,21139,62067,22473,39594,102096,40052,62044,743,332,411,171346,82752,88594,12205,5285,6920,29896,13344,16552,12058,6206,5852,4704,89,4793.0,0
New Jersey,NJ,2023,1,Undergraduate totalAll students total,UndergraduateAll students total,434202,194140,240062,817,356,461,42568,21233,21335,62829,23248,39581,107807,43304,64503,653,297,356,166897,81321,85576,12619,5544,7075,27270,12246,15024,12742,6591,6151,6489,166,01430000.000132005004200077.38.01075040700391000.00000.00015500000000000000093850403350003881370780049800320.09350001130060000591022809851000000000000000000000000000000000000006.0000,409960
New Jersey,NJ,2024,1,Undergraduate totalAll students total,UndergraduateAll students total,447563,201116,246447,855,390,465,43730,21926,21804,65945,24318,41627,115212,46793,68419,620,280,340,165980,81420,84560,13464,6039,7425,27291,12726,14565,14466,7224,7242,7313,167,025200000.0.068000.02340055892610180801915002918000000003900017000000000000001260109260103590000199060004290050000146400.14800300001340215.803100000.000000000000020000000.0000000000.00000,424439
New Mexico,NM,2020,1,Undergraduate totalAll students total,UndergraduateAll students total,146898,58995,87903,14859,5550,9309,2677,1133,1544,4253,2100,2153,71200,27157,44043,326,148,178,40909,17130,23779,3454,1455,1999,6972,3113,3859,2248,1209,1039,0,0,0,0
New Mexico,NM,2021,1,Undergraduate totalAll students total,UndergraduateAll students total,131695,50067,81628,12658,4121,8537,2527,1047,1480,3757,1802,1955,65406,23608,41798,288,132,156,36012,14669,21343,3450,1417,2033,5481,2236,3245,2116,1035,1081,0,0,0,0
New Mexico,NM,2022,1,Undergraduate totalAll students total,UndergraduateAll students total,126719,48533,78186,12709,4107,8602,2425,997,1428,3746,1858,1888,61984,22715,39269,275,127,148,33508,13733,19775,3523,1427,2096,5315,2221,3094,3234,1348,1886,135,26,161.0,0
New Mexico,NM,2023,1,Undergraduate totalAll students total,UndergraduateAll students total,131401,50970,80431,13038,4365,8673,2496,1050,1446,3870,1925,1945,65990,24340,41650,314,149,165,34229,14228,20001,3744,1502,2242,5736,2492,3244,1984,919,1065,466,283,00.0019547.3.3320260.6700.012132306160001400.020000000,92500
New Mexico,NM,2024,1,Undergraduate totalAll students total,UndergraduateAll students total,132558,52306,80252,13253,4672,8581,2531,1108,1423,3781,1828,1953,66903,25024,41879,301,157,144,34380,14418,19962,4001,1681,2320,5279,2401,2878,2129,1017,1112,543,492,00.0024958..0322055029372..00131521021370001800.0103002000,121222
New York,NY,2020,1,Undergraduate totalAll students total,UndergraduateAll students total,1277764,555513,722251,4607,1913,2694,122033,56659,65374,182995,69165,113830,249711,100793,148918,2041,909,1132,553363,253080,300283,35075,14447,20628,61444,28127,33317,66495,30420,36075,0,0,0,0
New York,NY,2021,1,Undergraduate totalAll students total,UndergraduateAll students total,1211809,511719,700090,4296,1682,2614,121289,55182,66107,172215,61866,110349,238767,92592,146175,1726,693,1033,519233,232269,286964,35419,14152,21267,60520,26722,33798,58344,26561,31783,0,0,0,0
New York,NY,2022,1,Undergraduate totalAll students total,UndergraduateAll students total,1163150,496443,666707,3963,1607,2356,121861,55893,65968,162490,59006,103484,231033,90944,140089,1648,664,984,491766,222330,269436,35693,14294,21399,55243,24719,30524,59453,26986,32467,6445,388,6833.0,0
New York,NY,2023,1,Undergraduate totalAll students total,UndergraduateAll students total,1134869,489143,645726,3822,1603,2219,121938,56444,65494,157379,57631,99748,227093,90224,136869,1596,668,928,469879,215043,254836,35971,14457,21514,57672,26605,31067,59519,26468,33051,8739,1231,01722634.6400413500.3239101000004425120941746711831197926188492834513000207350122.630.0.650..0000.00807000000000.031.255.0211.0814.0227000000014970..820.8.0070000.000900.000.000.00.0720000.1195.0000036.10000.0000.00000000000000000000000.071072000000000000000000000.100000000000380.000005.3003846201114637500000000000.0.1800.00030000000000.00000000000.034.0000000000000000000000000000000000000010002.000000000.0002200400000.0000000.000000000000000.0000200,976152
New York,NY,2024,1,Undergraduate totalAll students total,UndergraduateAll students total,1161312,506689,654623,3989,1692,2297,124060,58273,65787,163289,61883,101406,234616,95476,139140,1538,677,861,465537,214841,250696,37434,15358,22076,71077,31831,39246,59772,26658,33114,17509,3398,0.1644.10100225100095249350049011522025212413811215226343159966611536452000080.8535007829.0.1350..0.02185001403200.0000136202647103198074.0.22.0554000000082...3.000250000.5001510800.0860.0.00058594000.0631.0000044.000000100000000000000000000000000.038510100000000000000000000004.0000000000340.0000378003977291493320841100..0.0.000000.2909000290.000000000.152139000.00.030.000000000000..00000000.00.0000.000000000.000000000000016.030029700170000000000.00000..00000000.013,995052
North Carolina,NC,2020,1,Undergraduate totalAll students total,UndergraduateAll students total,628679,252086,376593,7012,2418,4594,20643,9365,11278,142203,48762,93441,59649,23863,35786,870,359,511,338129,142302,195827,22213,8441,13772,25594,10492,15102,12366,6084,6282,0,0,0,0
North Carolina,NC,2021,1,Undergraduate totalAll students total,UndergraduateAll students total,604597,239126,365471,6607,2188,4419,21027,9402,11625,133515,44568,88947,60004,23562,36442,855,380,475,326900,136232,190668,22051,8369,13682,23125,9385,13740,10513,5040,5473,0,0,0,0
North Carolina,NC,2022,1,Undergraduate totalAll students total,UndergraduateAll students total,599245,239143,360102,6738,2298,4440,21750,9752,11998,132610,44983,87627,63622,24932,38690,717,304,413,320021,134627,185394,21841,8387,13454,21041,8616,12425,10905,5244,5661,629,16,645.0,0
North Carolina,NC,2023,1,Undergraduate totalAll students total,UndergraduateAll students total,594967,240009,354958,6456,2226,4230,22962,10382,12580,131356,45312,86044,67169,26392,40777,773,341,432,311078,132301,178777,21899,8559,13340,21806,8991,12815,11468,5505,5963,541,294,1000.09.000660010.000200030000027811091330029041.00000180.2203061609405.0011000000000002800000000000000000000000000000000000000000001000002730000000100100000000000000000000,580961
North Carolina,NC,2024,1,Undergraduate totalAll students total,UndergraduateAll students total,617347,250887,366460,6475,2236,4239,25030,11337,13693,137579,47958,89621,74236,29508,44728,896,434,462,314609,134651,179958,23321,9185,14136,23528,10126,13402,11673,5452,6221,904,318,00009017.00.3681020220001600000.00351492209.210413063000090150.2400012007031440040000000000015000000000000000000000001000000000000000600000000283000.000.00000000000000000000.0,595265
North Dakota,ND,2020,1,Undergraduate totalAll students total,UndergraduateAll students total,55241,26693,28548,2621,1019,1602,734,363,371,1906,1102,804,2351,1163,1188,71,32,39,41094,19479,21615,2107,998,1109,2438,1285,1153,1919,1252,667,0,0,0,0
North Dakota,ND,2021,1,Undergraduate totalAll students total,UndergraduateAll students total,53019,25118,27901,2294,795,1499,759,370,389,1791,984,807,2355,1211,1144,68,32,36,39771,18600,21171,2093,975,1118,2345,1184,1161,1543,967,576,0,0,0,0
North Dakota,ND,2022,1,Undergraduate totalAll students total,UndergraduateAll students total,52263,24583,27680,2588,917,1671,702,347,355,1801,975,826,2464,1233,1231,71,39,32,38013,17709,20304,2107,981,1126,2971,1404,1567,1546,978,568,7,0,7.0,0
North Dakota,ND,2023,1,Undergraduate totalAll students total,UndergraduateAll students total,53623,25200,28423,2954,1027,1927,812,405,407,1825,939,886,2617,1333,1284,64,37,27,37649,17672,19977,2200,1056,1144,4115,1903,2212,1387,828,559,14,0,0000.5000.000020102000000,41664
North Dakota,ND,2024,1,Undergraduate totalAll students total,UndergraduateAll students total,55211,25831,29380,3134,1094,2040,1238,622,616,1908,984,924,2865,1443,1422,89,56,33,39500,18436,21064,2284,1065,1219,2754,1299,1455,1439,832,607,29,0,0000060020000..0000.000000,49511
Northern Marianas,MP,2020,0,Undergraduate total,Undergraduate,1443,542,901,0,0,0,537,229,308,4,1,3,13,6,7,642,214,428,15,5,10,95,35,60,50,17,33,87,35,52,0,0,0,0
Northern Marianas,MP,2021,0,Undergraduate total,Undergraduate,1529,555,974,0,0,0,634,259,375,2,0,2,23,9,14,611,191,420,14,5,9,120,42,78,8,5,3,117,44,73,0,0,0,0
Northern Marianas,MP,2022,0,Undergraduate total,Undergraduate,1547,589,958,0,0,0,660,275,385,3,0,3,22,8,14,585,199,386,17,7,10,135,46,89,8,8,0,117,46,71,0,0,0.0,0
Northern Marianas,MP,2023,0,Undergraduate total,Undergraduate,1535,578,957,0,0,0,643,274,369,1,0,1,25,10,15,568,188,380,13,7,6,136,48,88,0,0,0,149,51,98,0,0,0,1535
Northern Marianas,MP,2024,0,Undergraduate total,Undergraduate,1457,549,908,0,0,0,604,262,342,1,1,0,21,5,16,553,172,381,12,6,6,133,56,77,6,3,3,127,44,83,0,0,0,1457
Ohio,OH,2020,1,Undergraduate totalAll students total,UndergraduateAll students total,758554,324856,433698,1986,845,1141,21520,9531,11989,95594,34581,61013,37486,15211,22275,926,443,483,517499,224075,293424,29419,11553,17866,32808,16248,16560,21316,12369,8947,0,0,0,0
Ohio,OH,2021,1,Undergraduate totalAll students total,UndergraduateAll students total,774783,322669,452114,2196,878,1318,23459,10045,13414,100290,35178,65112,44272,17015,27257,962,380,582,520675,220856,299819,30463,11614,18849,34038,15997,18041,18428,10706,7722,0,0,0,0
Ohio,OH,2022,1,Undergraduate totalAll students total,UndergraduateAll students total,746512,310653,435859,2254,913,1341,24148,10358,13790,98979,34715,64264,43552,16793,26759,874,364,510,491081,208415,282666,29567,11334,18233,38103,17411,20692,17954,10350,7604,48235,806,49041.0,0
Ohio,OH,2023,1,Undergraduate totalAll students total,UndergraduateAll students total,708736,299536,409200,2191,903,1288,24364,10512,13852,92354,32931,59423,40927,16296,24631,756,319,437,463343,199170,264173,28213,11069,17144,38361,17854,20507,18227,10482,7745,1414,466,00001500.0.00301100137012.0..081..618000600092000010300000000008035.00101000.60.15050005.3322185559500101125700000600017.5600000.1800018.000127000000.00.0070000013700000000003200000.00000009210000000500.0003601000000000000000000000000000500000000500000000..0000002100000000000000000000000000000000000,637642
Ohio,OH,2024,1,Undergraduate totalAll students total,UndergraduateAll students total,698714,293978,404736,1999,871,1128,25239,10998,14241,91367,31849,59518,39502,15715,23787,677,281,396,454645,195223,259422,28781,11281,17500,36795,16684,20111,19709,11076,8633,1531,735,.7106600.0.00201000.461504201110.142250056.008500007000000000410004300.100000140.1101000............301500000.00.160.0015800000030100062000000000700.0000027400000000186000001000000057.00.000000.000.20000000000000.00000000000000000000000000000000000001500.00000000000000200000000700000.000,581991
Oklahoma,OK,2020,1,Undergraduate totalAll students total,UndergraduateAll students total,235104,101299,133805,18542,7425,11117,6658,3095,3563,18864,7897,10967,25935,10827,15108,404,167,237,128225,55128,73097,21910,8948,12962,7257,3678,3579,7309,4134,3175,0,0,0,0
Oklahoma,OK,2021,1,Undergraduate totalAll students total,UndergraduateAll students total,229977,97293,132684,18342,7317,11025,6696,3064,3632,18494,7473,11021,26052,10659,15393,395,167,228,124685,53001,71684,22532,8908,13624,6558,3238,3320,6223,3466,2757,0,0,0,0
Oklahoma,OK,2022,1,Undergraduate totalAll students total,UndergraduateAll students total,222695,94057,128638,18240,7157,11083,7046,3194,3852,18326,7293,11033,25832,10429,15403,405,193,212,119017,50788,68229,20971,8343,12628,7696,3728,3968,5162,2932,2230,895,13,908.0,0
Oklahoma,OK,2023,1,Undergraduate totalAll students total,UndergraduateAll students total,223838,94197,129641,18807,7492,11315,7335,3267,4068,18327,7385,10942,28129,11263,16866,427,191,236,117432,50054,67378,21337,8605,12732,6811,3152,3659,5233,2788,2445,326,14,000080000000000050000002602000000000.0000.000000000.003017000020000.000000050000000160010.001100000000,221813
Oklahoma,OK,2024,1,Undergraduate totalAll students total,UndergraduateAll students total,228034,96843,131191,18941,7549,11392,7666,3506,4160,18802,7659,11143,30807,12422,18385,497,209,288,117761,50836,66925,22552,9266,13286,6081,2764,3317,4927,2632,2295,541,50,000160000000000013006000289370000.000.000.00000000130.002150192000010000.0000000000000000000000020000000,223979
Oregon,OR,2020,1,Undergraduate totalAll students total,UndergraduateAll students total,272675,122398,150277,2692,1051,1641,15022,6784,8238,6853,3297,3556,39991,16164,23827,1656,765,891,156217,68815,87402,16506,7178,9328,24888,13165,11723,8850,5179,3671,0,0,0,0
Oregon,OR,2021,1,Undergraduate totalAll students total,UndergraduateAll students total,252900,109242,143658,2374,916,1458,14835,6587,8248,6570,2995,3575,38918,15258,23660,1528,704,824,147069,62787,84282,15754,6561,9193,19754,9785,9969,6098,3649,2449,0,0,0,0
Oregon,OR,2022,1,Undergraduate totalAll students total,UndergraduateAll students total,247805,108435,139370,2284,899,1385,15052,6800,8252,6717,3040,3677,40502,16227,24275,1476,663,813,143193,62648,80545,15495,6529,8966,18068,8677,9391,5018,2952,2066,3738,1722,5460.0,0
Oregon,OR,2023,1,Undergraduate totalAll students total,UndergraduateAll students total,249093,109661,139432,2402,918,1484,15093,6874,8219,7038,3234,3804,43152,17466,25686,1451,650,801,141102,62262,78840,15862,6762,9100,18571,8949,9622,4422,2546,1876,3794,3075,2710166021232472.024701090200221922296.317.102395126003007829524912100230358000000002006.321822524016929.7500.0.0000000,221405
Oregon,OR,2024,1,Undergraduate totalAll students total,UndergraduateAll students total,254220,112723,141497,2354,964,1390,14941,6821,8120,7580,3465,4115,44945,18271,26674,1487,650,837,141840,63198,78642,16659,7178,9481,20878,10150,10728,3536,2026,1510,4314,3675,37801430231387..020270.91691141184408032942102112270.060096392315790.32046700000000229015519038717924441.1110000000000.,239549
Palau,PW,2020,1,All students total,All students total,651,274,377,0,0,0,13,8,5,0,0,0,0,0,0,637,265,372,1,1,0,0,0,0,0,0,0,0,0,0,0,0,0,0
Palau,PW,2021,1,All students total,All students total,641,259,382,0,0,0,12,8,4,2,1,1,0,0,0,627,250,377,0,0,0,0,0,0,0,0,0,0,0,0,0,0,0,0
Palau,PW,2022,1,All students total,All students total,587,261,326,0,0,0,20,13,7,1,1,0,0,0,0,566,247,319,0,0,0,0,0,0,0,0,0,0,0,0,0,0,0.0,0
Palau,PW,2023,1,All students total,All students total,553,246,307,0,0,0,17,8,9,1,1,0,0,0,0,535,237,298,0,0,0,0,0,0,0,0,0,0,0,0,0,0,0,553
Palau,PW,2024,1,All students total,All students total,476,195,281,0,0,0,15,5,10,1,1,0,0,0,0,459,188,271,1,1,0,0,0,0,0,0,0,0,0,0,0,0,0,476
Pennsylvania,PA,2020,1,Undergraduate totalAll students total,UndergraduateAll students total,696047,304385,391662,1390,600,790,37156,16621,20535,80318,30869,49449,57138,22531,34607,715,329,386,432278,190912,241366,23341,9622,13719,37805,18262,19543,25906,14639,11267,0,0,0,0
Pennsylvania,PA,2021,1,Undergraduate totalAll students total,UndergraduateAll students total,663945,284415,379530,1312,555,757,37223,16541,20682,77118,28620,48498,55937,21439,34498,709,336,373,410538,178371,232167,22889,9296,13593,36612,16970,19642,21607,12287,9320,0,0,0,0
Pennsylvania,PA,2022,1,Undergraduate totalAll students total,UndergraduateAll students total,627182,264987,362195,1284,529,755,37964,16760,21204,73841,27338,46503,56847,21903,34944,574,256,318,380477,163364,217113,22499,9099,13400,31954,13456,18498,21742,12282,9460,25670,420,26090.0,0
Pennsylvania,PA,2023,1,Undergraduate totalAll students total,UndergraduateAll students total,627987,274109,353878,1328,580,748,39126,17672,21454,74030,28664,45366,59277,23319,35958,566,256,310,370325,162377,207948,22398,9322,13076,39027,19562,19465,21910,12357,9553,24427,1358,..21790.021.060122415..0.261022100162.0000.0.017250328000..0001600100300061013.626.2...24.1431126..1634.27..110.241910....75.75749602010000910125.160030000070011000.015700000000626200200125000000000000162011000000.0000000010400000.090.0.00000000300100001000000360500000000000000000.00000000000000000000000000070000000000000000000000.00000.000000,538113
Pennsylvania,PA,2024,1,Undergraduate totalAll students total,UndergraduateAll students total,627007,272574,354433,1307,555,752,39717,18033,21684,75637,29221,46416,63224,24968,38256,572,243,329,362019,159094,202925,23610,9752,13858,38890,18335,20555,22031,12373,9658,20104,2328,...1260233027024018730...0.1510377450144.0000.0129032.01460003.000.000701300015.0.6477.811.2710245720..11338..489808.30101474622106912408.190683021000001600149.1300.00000.00160.0790015800000000659700390040150000000000022025120000.0000000.10840000.010417100000.0800.00.110.0000630400000.0.0000000006000000000000000000.0000000.00000000000000000000000000.0.00000,546352
Puerto Rico,PR,2020,1,Undergraduate totalAll students total,UndergraduateAll students total,214110,90223,123887,286,100,186,70,20,50,2001,600,1401,206575,87407,119168,35,12,23,1282,462,820,198,58,140,3478,1438,2040,185,126,59,0,0,0,0
Puerto Rico,PR,2021,1,Undergraduate totalAll students total,UndergraduateAll students total,208191,84324,123867,344,118,226,90,33,57,2477,841,1636,195764,80071,115693,45,19,26,1394,549,845,230,76,154,7684,2536,5148,163,81,82,0,0,0,0
Puerto Rico,PR,2022,1,Undergraduate totalAll students total,UndergraduateAll students total,189092,78002,111090,364,126,238,78,31,47,2648,867,1781,181367,75090,106277,35,15,20,1208,451,757,242,86,156,2879,1170,1709,271,166,105,28,2,30.0,0
Puerto Rico,PR,2023,1,Undergraduate totalAll students total,UndergraduateAll students total,182600,75486,107114,371,122,249,99,47,52,2853,989,1864,174129,72255,101874,50,18,32,1514,546,968,303,125,178,3205,1347,1858,76,37,39,359,0,00000000030000000000176072552623347000002200430.001500000000000.0000000000000000000000000000000000000000000000000000000000000000,179156
Puerto Rico,PR,2024,1,Undergraduate totalAll students total,UndergraduateAll students total,184185,75975,108210,468,174,294,143,71,72,3300,1178,2122,175277,72549,102728,58,22,36,1786,655,1131,373,142,231,2687,1140,1547,93,44,49,414,41,0.00000300000000008916410527166390.000.0.78003102000000000000.000000000000.0000000000000000000000000000000000000000000000000000,176665
Rhode Island,RI,2020,1,Undergraduate totalAll students total,UndergraduateAll students total,83633,36082,47551,286,125,161,3631,1502,2129,6534,2696,3838,12186,4702,7484,59,24,35,47941,21228,26713,3156,1232,1924,6835,3283,3552,3005,1290,1715,0,0,0,0
Rhode Island,RI,2021,1,Undergraduate totalAll students total,UndergraduateAll students total,79479,33363,46116,243,88,155,3667,1479,2188,6370,2490,3880,11949,4353,7596,69,41,28,46586,20551,26035,3067,1182,1885,5156,2162,2994,2372,1017,1355,0,0,0,0
Rhode Island,RI,2022,1,Undergraduate totalAll students total,UndergraduateAll students total,77264,33191,44073,250,93,157,3743,1585,2158,6583,2658,3925,12168,4681,7487,54,26,28,44496,19845,24651,2983,1169,1814,4390,2041,2349,2597,1093,1504,458,0,458.0,0
Rhode Island,RI,2023,1,Undergraduate totalAll students total,UndergraduateAll students total,80756,34567,46189,259,100,159,3953,1717,2236,7033,2877,4156,13320,5165,8155,66,36,30,44993,19944,25049,3342,1318,2024,4921,2222,2699,2869,1188,1681,660,8,.040158.600219054500.000,54490
Rhode Island,RI,2024,1,Undergraduate totalAll students total,UndergraduateAll students total,82129,34694,47435,254,105,149,4270,1850,2420,7644,2971,4673,14157,5377,8780,61,35,26,44945,19919,25026,3474,1333,2141,4616,1964,2652,2708,1140,1568,1063,287,.07123.111242002700861000000,63517
South Carolina,SC,2020,1,Undergraduate totalAll students total,UndergraduateAll students total,260759,104383,156376,961,370,591,4739,2100,2639,64952,21232,43720,15076,6303,8773,338,164,174,154879,65642,89237,9439,3673,5766,6966,2929,4037,3409,1970,1439,0,0,0,0
South Carolina,SC,2021,1,Undergraduate totalAll students total,UndergraduateAll students total,253475,99210,154265,828,320,508,4928,2150,2778,62003,19289,42714,15402,6278,9124,290,124,166,151091,62922,88169,9489,3625,5864,6748,2955,3793,2696,1547,1149,0,0,0,0
South Carolina,SC,2022,1,Undergraduate totalAll students total,UndergraduateAll students total,256807,100360,156447,852,353,499,5205,2231,2974,62724,19685,43039,16842,6821,10021,343,145,198,149764,62257,87507,9894,3691,6203,8173,3480,4693,3010,1697,1313,232,4,236.0,0
South Carolina,SC,2023,1,Undergraduate totalAll students total,UndergraduateAll students total,264704,103488,161216,870,349,521,5488,2339,3149,64300,20365,43935,19150,7762,11388,362,150,212,152580,63212,89368,10676,4125,6551,7874,3284,4590,3404,1902,1502,196,20,00.2020000000.007.00.000130120014000.01010.000000000000000000000000000030060000000000000000000,252556
South Carolina,SC,2024,1,Undergraduate totalAll students total,UndergraduateAll students total,271236,105721,165515,836,345,491,5651,2455,3196,65318,20764,44554,21195,8435,12760,382,159,223,154751,63761,90990,11328,4348,6980,8505,3645,4860,3270,1809,1461,192,43,0000010000000.801580000009010004000000112593000000000000000000000.000000000000000000000000000,268571
South Dakota,SD,2020,1,Undergraduate totalAll students total,UndergraduateAll students total,58547,25706,32841,3594,1193,2401,825,360,465,2160,1093,1067,2337,1046,1291,75,38,37,45359,19968,25391,1776,768,1008,1135,544,591,1286,696,590,0,0,0,0
South Dakota,SD,2021,1,Undergraduate totalAll students total,UndergraduateAll students total,56872,24351,32521,3719,1081,2638,841,358,483,1948,1035,913,2314,1029,1285,99,57,42,44011,18929,25082,1616,697,919,1393,626,767,931,539,392,0,0,0,0
South Dakota,SD,2022,1,Undergraduate totalAll students total,UndergraduateAll students total,56615,24619,31996,3617,1081,2536,776,334,442,1969,1062,907,2256,1056,1200,80,47,33,43703,19052,24651,1634,716,918,1463,669,794,1117,602,515,46,7,53.0,0
South Dakota,SD,2023,1,Undergraduate totalAll students total,UndergraduateAll students total,56595,24713,31882,3634,1104,2530,772,322,450,1885,1036,849,2300,1103,1197,78,47,31,43528,19031,24497,1534,684,850,1657,781,876,1207,605,602,35,11,.2200040750100000000000.000.,51171
South Dakota,SD,2024,1,Undergraduate totalAll students total,UndergraduateAll students total,57206,25117,32089,3792,1159,2633,792,320,472,1888,1087,801,2543,1206,1337,83,52,31,43370,19066,24304,1440,610,830,1851,873,978,1447,744,703,32,6,.23000.0.600000000000.0001,47583
Tennessee,TN,2020,1,Undergraduate totalAll students total,UndergraduateAll students total,358674,148526,210148,1091,463,628,8625,3958,4667,67771,23451,44320,19664,8245,11419,475,169,306,233024,99642,133382,12142,4972,7170,10033,4461,5572,5849,3165,2684,0,0,0,0
Tennessee,TN,2021,1,Undergraduate totalAll students total,UndergraduateAll students total,347029,139657,207372,1000,418,582,8650,3834,4816,65369,21640,43729,20375,8427,11948,391,164,227,224529,93883,130646,11957,4826,7131,9920,3959,5961,4838,2506,2332,0,0,0,0
Tennessee,TN,2022,1,Undergraduate totalAll students total,UndergraduateAll students total,343409,140104,203305,993,405,588,9136,4001,5135,64821,22483,42338,22232,9364,12868,486,164,322,216273,90950,125323,12811,5191,7620,11310,4743,6567,5347,2803,2544,361,13,374.0,0
Tennessee,TN,2023,1,Undergraduate totalAll students total,UndergraduateAll students total,346534,143083,203451,1036,416,620,9375,4110,5265,66228,22774,43454,24860,10459,14401,573,317,256,212991,91036,121955,12964,5338,7626,12630,5561,7069,5877,3072,2805,454,23,0313000.0000000007300090.14019000000000030000.0100.0000000230001011135.1200.001400001180013.00513051200000.05000000000000000000093000100000000000000,334442
Tennessee,TN,2024,1,Undergraduate totalAll students total,UndergraduateAll students total,360601,149678,210923,1119,445,674,10060,4432,5628,69291,24088,45203,28390,12084,16306,424,186,238,217360,93292,124068,14787,6125,8662,13087,5869,7218,6083,3157,2926,939,68,0643.00000000000071260370.300100000000023100062800040.0230000.001690273226..002820400.033801938001434116399700000.0920000.00.0000000000083.300000.000000000,344431
Texas,TX,2020,1,Undergraduate totalAll students total,UndergraduateAll students total,1941942,812108,1129834,6800,2883,3917,118841,56502,62339,246371,92135,154236,803792,324248,479544,2784,1279,1505,628943,274351,354592,56139,23608,32531,37677,16497,21180,40595,20605,19990,0,0,0,0
Texas,TX,2021,1,Undergraduate totalAll students total,UndergraduateAll students total,1881099,765200,1115899,6433,2609,3824,119293,55516,63777,238221,85347,152874,783116,304446,478670,2456,1030,1426,600181,257875,342306,56314,22901,33413,39816,18176,21640,35269,17300,17969,0,0,0,0
Texas,TX,2022,1,Undergraduate totalAll students total,UndergraduateAll students total,1830718,750471,1080247,5991,2521,3470,118632,55634,62998,230118,83617,146501,778574,305376,473198,2295,1022,1273,565103,244728,320375,54641,22315,32326,40222,18012,22210,35142,17246,17896,850,368,1218.0,0
Texas,TX,2023,1,Undergraduate totalAll students total,UndergraduateAll students total,1829820,759950,1069870,6230,2713,3517,121935,57813,64122,227017,83917,143100,787354,313485,473869,2248,1071,1177,543892,238473,305419,53056,21958,31098,51089,22429,28660,36999,18091,18908,800,456,0000033000000000000000000900000.0000000000000000800000000008000000.00.048800001000017000.0000005300000001640000150030430000001300.0.130070904120000000000000000000000000000000000000000000000000000000000000001000900000000000000000000000000000000000000001.000000000200000.00010000000000002000.00000000000001400001000000000.0000200000000.00000000000180000000000000.000000100000001400010.00000.000000.39,1737232
Texas,TX,2024,1,Undergraduate totalAll students total,UndergraduateAll students total,1877393,786274,1091119,6737,2944,3793,127272,60433,66839,236726,88207,148519,815828,328341,487487,2455,1210,1245,535484,235969,299515,54711,22801,31910,59750,27135,32615,38430,19234,19196,2453,440,0000030000000000000000000000000.0000070000000000400000.00018000000.002204520.000000026000.00000066000000000000120002000000012401250.13006000.17..000.000000000010.03000000015990000000000002000000000000.00.0000000.000000000000000.00.00000000000000000000000.000..0.00000.0.010100000000.000000000000000000320100.000000000000220000000000000000017250000000100000000000000000016570000..0000.000000.3640000,1774576
Utah,UT,2020,1,Undergraduate totalAll students total,UndergraduateAll students total,438393,188420,249973,3234,1211,2023,11278,5038,6240,19696,6976,12720,49719,20642,29077,3119,1442,1677,301978,132299,169679,16026,6849,9177,26237,9923,16314,7106,4040,3066,0,0,0,0
Utah,UT,2021,1,Undergraduate totalAll students total,UndergraduateAll students total,439330,188487,250843,4490,1725,2765,12166,5484,6682,19425,7133,12292,51388,21053,30335,3074,1357,1717,303520,132627,170893,13361,6014,7347,25521,9522,15999,6385,3572,2813,0,0,0,0
Utah,UT,2022,1,Undergraduate totalAll students total,UndergraduateAll students total,457635,197921,259714,4032,1554,2478,13314,6076,7238,21002,8192,12810,55689,23139,32550,3134,1436,1698,310695,135764,174931,15077,6783,8294,28169,11302,16867,6523,3675,2848,5734,3,5737.0,0
Utah,UT,2023,1,Undergraduate totalAll students total,UndergraduateAll students total,483384,213236,270148,3865,1521,2344,14649,6999,7650,25820,10547,15273,63150,27277,35873,3231,1486,1745,316383,139442,176941,16745,7644,9101,25554,10931,14623,13987,7389,6598,7300,5,0020001211663702758411610200.0370..0003511200000020040000000000.010000.0,469809
Utah,UT,2024,1,Undergraduate totalAll students total,UndergraduateAll students total,525894,236873,289021,4052,1629,2423,17158,8494,8664,34559,14325,20234,73194,32421,40773,3422,1598,1824,332630,148803,183827,20318,9469,10849,32803,15773,17030,7758,4361,3397,10989,0,005000041205490249505.05410.005200.001651600000200.00000000...000000.00,498052
Vermont,VT,2020,1,Undergraduate totalAll students total,UndergraduateAll students total,46013,20879,25134,148,72,76,1273,560,713,1494,788,706,2477,1259,1218,31,12,19,34770,15424,19346,1740,717,1023,2393,1169,1224,1687,878,809,0,0,0,0
Vermont,VT,2021,1,Undergraduate totalAll students total,UndergraduateAll students total,43966,19286,24680,132,60,72,1288,549,739,1460,738,722,2504,1189,1315,28,13,15,33212,14280,18932,1687,679,1008,2335,1113,1222,1320,665,655,0,0,0,0
Vermont,VT,2022,1,Undergraduate totalAll students total,UndergraduateAll students total,45715,19687,26028,125,44,81,1426,605,821,1548,735,813,2681,1198,1483,29,9,20,34284,14533,19751,1820,738,1082,2355,1117,1238,1447,708,739,128,0,128.0,0
Vermont,VT,2023,1,Undergraduate totalAll students total,UndergraduateAll students total,45499,19468,26031,147,60,87,1555,662,893,1615,777,838,2799,1252,1547,28,9,19,34028,14195,19833,1848,775,1073,2082,1058,1024,1397,680,717,188,22,.002826220.195.9400,43428
Vermont,VT,2024,1,Undergraduate totalAll students total,UndergraduateAll students total,45570,19415,26155,129,56,73,1552,647,905,1620,800,820,3023,1338,1685,24,9,15,33704,14068,19636,1898,839,1059,2236,1018,1218,1384,640,744,804,22,0.2824..04584.26600,37135
Virgin Islands,VI,2020,0,Undergraduate total,Undergraduate,2177,686,1491,5,2,3,16,4,12,1479,449,1030,249,73,176,3,0,3,113,43,70,25,12,13,172,68,104,115,35,80,0,0,0,0
Virgin Islands,VI,2021,0,Undergraduate total,Undergraduate,1880,579,1301,3,1,2,14,4,10,1320,382,938,244,81,163,4,0,4,71,34,37,25,13,12,93,32,61,106,32,74,0,0,0,0
Virgin Islands,VI,2022,0,Undergraduate total,Undergraduate,1666,470,1196,2,0,2,8,4,4,1126,301,825,201,54,147,8,3,5,101,35,66,29,20,9,100,33,67,91,20,71,0,0,0.0,0
Virgin Islands,VI,2023,0,Undergraduate total,Undergraduate,1702,479,1223,1,0,1,16,6,10,1138,299,839,224,63,161,7,2,5,97,31,66,42,21,21,78,30,48,99,27,72,0,0,0,1702
Virgin Islands,VI,2024,0,Undergraduate total,Undergraduate,1778,549,1229,1,0,1,17,6,11,1175,363,812,254,73,181,8,2,6,104,33,71,55,26,29,34,10,24,130,36,94,0,0,0,1778
Virginia,VA,2020,1,Undergraduate totalAll students total,UndergraduateAll students total,576274,247222,329052,1836,773,1063,39726,18946,20780,110334,40250,70084,56449,23793,32656,1316,617,699,294727,130057,164670,25882,10653,15229,32166,14515,17651,13838,7618,6220,0,0,0,0
Virginia,VA,2021,1,Undergraduate totalAll students total,UndergraduateAll students total,563529,237212,326317,1744,719,1025,41335,19175,22160,109717,38964,70753,52588,21350,31238,1263,583,680,285084,124236,160848,26987,11009,15978,33549,15070,18479,11262,6106,5156,0,0,0,0
Virginia,VA,2022,1,Undergraduate totalAll students total,UndergraduateAll students total,543148,231331,311817,1745,746,999,40813,19365,21448,105833,38210,67623,55924,23284,32640,1164,520,644,269093,117832,151261,26379,10844,15535,31283,14816,16467,10914,5714,5200,2704,555,3259.0,0
Virginia,VA,2023,1,Undergraduate totalAll students total,UndergraduateAll students total,549117,238683,310434,1624,702,922,42274,20266,22008,102754,37741,65013,59950,25599,34351,1115,516,599,267423,119138,148285,27357,11626,15731,33843,16479,17364,12777,6616,6161,3556,958,006100501600000720.0.610700037040200.0.0.731033.0.000..10.00072704110000277025183301014119313394020602100516151111040000321301814052414501107000000.0.000000000000000000000000000,492754
Virginia,VA,2024,1,Undergraduate totalAll students total,UndergraduateAll students total,559639,245063,314576,1607,696,911,44016,21282,22734,105898,39069,66829,64647,27870,36777,1063,515,548,265146,119224,145922,28401,12087,16314,34791,17104,17687,14070,7216,6854,5339,1373,0016900239.0000086316500750400052200..00..1090168751367.0642255.159.0.0008810200.00.1000632736.1119425319814802887.13623122.169059051.3813022750923169020.7000.000000.0000000001000000000000,518297
Washington,WA,2020,1,Undergraduate totalAll students total,UndergraduateAll students total,437327,193383,243944,4160,1565,2595,39417,17467,21950,19912,8894,11018,59913,23950,35963,2665,1090,1575,209073,91458,117615,32930,13974,18956,48619,23883,24736,20638,11102,9536,0,0,0,0
Washington,WA,2021,1,Undergraduate totalAll students total,UndergraduateAll students total,399625,171929,227696,3459,1220,2239,38799,16855,21944,18735,8043,10692,57333,21681,35652,2520,985,1535,190506,81498,109008,31206,12697,18509,40246,20063,20183,16821,8887,7934,0,0,0,0
Washington,WA,2022,1,Undergraduate totalAll students total,UndergraduateAll students total,376862,162838,214024,3334,1126,2208,39429,17220,22209,19229,8271,10958,56760,21868,34892,2476,962,1514,176915,76352,100563,27857,11545,16312,35646,17478,18168,15216,8016,7200,6436,217,6653.0,0
Washington,WA,2023,1,Undergraduate totalAll students total,UndergraduateAll students total,377210,167976,209234,3538,1213,2325,40570,17982,22588,20635,9008,11627,60521,23742,36779,2437,975,1462,171891,75857,96034,28217,11934,16283,33718,19158,14560,15683,8107,7576,19205,1338,1117971122093762768812121164103701823.5604012932504401522270201721135499519001961167062600481800382193736967525200415327810839610..0440329000000000000701100190110050000.0000001,349397
Washington,WA,2024,1,Undergraduate totalAll students total,UndergraduateAll students total,396764,178849,217915,3405,1163,2242,42195,19002,23193,21191,9357,11834,66280,26313,39967,1965,766,1199,166555,73471,93084,29753,12714,17039,49788,27970,21818,15632,8093,7539,28288,1699,18611701532663055284822846947.127315450754511615850476045441122481206681143260293268166740060111036262052490676446007776357248447001592802290506000000000001002800.02300800000000002,353308
West Virginia,WV,2020,1,Undergraduate totalAll students total,UndergraduateAll students total,173958,90135,83823,826,429,397,2846,1595,1251,17896,9804,8092,14453,8636,5817,901,539,362,117056,57444,59612,6288,3223,3065,9978,6000,3978,3714,2465,1249,0,0,0,0
West Virginia,WV,2021,1,Undergraduate totalAll students total,UndergraduateAll students total,170332,88462,81870,817,425,392,3172,1772,1400,18280,9953,8327,16330,9744,6586,998,633,365,111188,54496,56692,6645,3428,3217,10025,6185,3840,2877,1826,1051,0,0,0,0
West Virginia,WV,2022,1,Undergraduate totalAll students total,UndergraduateAll students total,164374,85998,78376,806,429,377,3211,1877,1334,18231,9998,8233,16843,9984,6859,904,537,367,105874,52502,53372,6762,3415,3347,8893,5580,3313,2850,1676,1174,3827,0,3827.0,0
West Virginia,WV,2023,1,Undergraduate totalAll students total,UndergraduateAll students total,166930,87380,79550,824,409,415,3407,1998,1409,18723,10100,8623,18208,10753,7455,907,528,379,105897,52801,53096,7017,3588,3429,9334,5750,3584,2613,1453,1160,3466,0,0400.0000000.0000000003423.500000000000000.0000000000000000000.0007.00,155211
West Virginia,WV,2024,1,Undergraduate totalAll students total,UndergraduateAll students total,169041,87890,81151,774,378,396,3384,1986,1398,19730,10334,9396,19129,11203,7926,914,517,397,104073,51382,52691,7368,3801,3567,11222,6895,4327,2447,1394,1053,4467,16,0220106600000000.00.0.00003354173000000000000000000000000000000000000021000,158323
Wisconsin,WI,2020,1,Undergraduate totalAll students total,UndergraduateAll students total,368702,161008,207694,3187,1198,1989,14809,6412,8397,21519,7538,13981,30090,12383,17707,388,169,219,268354,118299,150055,10884,4451,6433,9993,5294,4699,9478,5264,4214,0,0,0,0
Wisconsin,WI,2021,1,Undergraduate totalAll students total,UndergraduateAll students total,352616,150205,202411,2810,980,1830,14767,6305,8462,19814,6406,13408,29847,11763,18084,318,130,188,255726,110116,145610,10777,4289,6488,11071,5868,5203,7486,4348,3138,0,0,0,0
Wisconsin,WI,2022,1,Undergraduate totalAll students total,UndergraduateAll students total,354810,153631,201179,3036,1105,1931,14983,6459,8524,20518,7011,13507,31869,12749,19120,318,145,173,251258,109680,141578,11671,4773,6898,12743,6833,5910,8414,4876,3538,1749,24,1773.0,0
Wisconsin,WI,2023,1,Undergraduate totalAll students total,UndergraduateAll students total,357919,157745,200174,3260,1264,1996,15599,6992,8607,21421,7430,13991,34012,13764,20248,352,170,182,246739,109473,137266,12183,5001,7182,15629,8548,7081,8724,5103,3621,2308,243,264090.3000..003747177..240280000000000000000.0000000000059617.0.57420250.000740.16000.00000000000000,327160
Wisconsin,WI,2024,1,Undergraduate totalAll students total,UndergraduateAll students total,363235,160400,202835,3198,1294,1904,16388,7473,8915,23913,8379,15534,37273,15132,22141,366,153,213,246023,109445,136578,12736,5187,7549,14067,7965,6102,9271,5372,3899,2299,356,.3394031.0.55.02350216..360420....0..........00.002..000059417.0.385241622501015660222600000000.00000000,185637
Wyoming,WY,2020,1,Undergraduate totalAll students total,UndergraduateAll students total,38936,18179,20757,604,260,344,311,115,196,460,296,164,3640,1630,2010,67,30,37,29426,13707,15719,1141,495,646,2692,1299,1393,595,347,248,0,0,0,0
Wyoming,WY,2021,1,Undergraduate totalAll students total,UndergraduateAll students total,37012,17220,19792,565,224,341,328,128,200,449,285,164,3547,1539,2008,68,38,30,27961,13057,14904,1079,484,595,2529,1180,1349,486,285,201,0,0,0,0
Wyoming,WY,2022,1,Undergraduate totalAll students total,UndergraduateAll students total,35637,16502,19135,534,222,312,330,124,206,411,249,162,3636,1646,1990,68,35,33,26602,12256,14346,1121,502,619,2470,1217,1253,465,251,214,14,0,14.0,0
Wyoming,WY,2023,1,Undergraduate totalAll students total,UndergraduateAll students total,34378,15605,18773,521,206,315,307,115,192,372,225,147,3945,1781,2164,57,36,21,25365,11396,13969,1170,523,647,2202,1065,1137,439,258,181,14,0,1..0200000,27309
Wyoming,WY,2024,1,Undergraduate totalAll students total,UndergraduateAll students total,34569,15410,19159,567,215,352,300,128,172,386,235,151,4265,1892,2373,76,54,22,25103,11042,14061,1219,550,669,2184,1045,1139,469,249,220,84,0,1.1306109000,28804
