Completion Year,State,Total,Degree-granting,"Non-degree-granting, primarily postsecondary"
2023-24,Total,"5,367,633","5,101,601","266,032"
2023-24,Alabama,"81,485","80,538",947
2023-24,Alaska,"5,100","4,961",139
2023-24,Arizona,"188,809","181,936","6,873"
2023-24,Arkansas,"54,665","53,257","1,408"
2023-24,California,"742,584","706,579","36,005"
2023-24,Colorado,"95,374","91,872","3,502"
2023-24,Connecticut,"54,119","48,917","5,202"
2023-24,Delaware,"14,178","12,563","1,615"
2023-24,District of Columbia,"29,352","29,176",176
2023-24,Florida,"341,816","304,996","36,820"
2023-24,Georgia,"161,542","157,920","3,622"
2023-24,Hawaii,"12,171","11,953",218
2023-24,Idaho,"36,378","34,964","1,414"
2023-24,Illinois,"218,066","210,412","7,654"
2023-24,Indiana,"145,485","142,740","2,745"
2023-24,Iowa,"53,400","52,205","1,195"
2023-24,Kansas,"55,234","52,435","2,799"
2023-24,Kentucky,"96,197","94,569","1,628"
2023-24,Louisiana,"70,994","64,239","6,755"
2023-24,Maine,"15,626","14,990",636
2023-24,Maryland,"88,243","85,715","2,528"
2023-24,Massachusetts,"138,189","134,535","3,654"
2023-24,Michigan,"123,670","117,665","6,005"
2023-24,Minnesota,"105,818","104,288","1,530"
2023-24,Mississippi,"44,905","42,631","2,274"
2023-24,Missouri,"92,388","89,470","2,918"
2023-24,Montana,"10,922","10,690",232
2023-24,Nebraska,"32,905","32,320",585
2023-24,Nevada,"30,244","26,726","3,518"
2023-24,New Hampshire,"54,585","54,046",539
2023-24,New Jersey,"103,669","92,614","11,055"
2023-24,New Mexico,"29,008","28,108",900
2023-24,New York,"301,450","284,989","16,461"
2023-24,North Carolina,"164,370","163,162","1,208"
2023-24,North Dakota,"12,648","12,269",379
2023-24,Ohio,"164,617","152,184","12,433"
2023-24,Oklahoma,"62,327","46,198","16,129"
2023-24,Oregon,"50,751","49,228","1,523"
2023-24,Pennsylvania,"173,687","165,792","7,895"
2023-24,Rhode Island,"20,859","19,092","1,767"
2023-24,South Carolina,"63,825","61,117","2,708"
2023-24,South Dakota,"11,951","11,737",214
2023-24,Tennessee,"88,939","79,352","9,587"
2023-24,Texas,"410,427","393,142","17,285"
2023-24,Utah,"133,878","121,183","12,695"
2023-24,Vermont,"9,736","9,540",196
2023-24,Virginia,"142,909","140,349","2,560"
2023-24,Washington,"90,972","87,766","3,206"
2023-24,West Virginia,"38,895","37,430","1,465"
2023-24,Wisconsin,"90,737","89,540","1,197"
2023-24,Wyoming,"7,534","7,501",33
2022-23,Total,"5,218,948","4,968,383","250,565"
2022-23,Alabama,"80,834","78,977","1,857"
2022-23,Alaska,"5,014","4,920",94
2022-23,Arizona,"177,369","170,976","6,393"
2022-23,Arkansas,"52,321","51,073","1,248"
2022-23,California,"712,076","676,844","35,232"
2022-23,Colorado,"93,498","89,835","3,663"
2022-23,Connecticut,"52,759","47,917","4,842"
2022-23,Delaware,"13,426","12,466",960
2022-23,District of Columbia,"30,339","30,152",187
2022-23,Florida,"327,456","296,349","31,107"
2022-23,Georgia,"156,693","152,911","3,782"
2022-23,Hawaii,"12,193","12,009",184
2022-23,Idaho,"28,035","26,644","1,391"
2022-23,Illinois,"209,301","201,445","7,856"
2022-23,Indiana,"129,353","126,867","2,486"
2022-23,Iowa,"53,189","52,083","1,106"
2022-23,Kansas,"52,571","50,127","2,444"
2022-23,Kentucky,"90,081","88,763","1,318"
2022-23,Louisiana,"67,037","60,127","6,910"
2022-23,Maine,"14,872","14,225",647
2022-23,Maryland,"87,956","85,414","2,542"
2022-23,Massachusetts,"137,001","133,439","3,562"
2022-23,Michigan,"124,578","118,639","5,939"
2022-23,Minnesota,"101,985","100,503","1,482"
2022-23,Mississippi,"46,698","44,321","2,377"
2022-23,Missouri,"91,971","88,867","3,104"
2022-23,Montana,"11,232","10,995",237
2022-23,Nebraska,"31,120","30,638",482
2022-23,Nevada,"29,909","26,311","3,598"
2022-23,New Hampshire,"50,080","49,593",487
2022-23,New Jersey,"103,245","92,596","10,649"
2022-23,New Mexico,"32,329","31,364",965
2022-23,New York,"308,074","293,435","14,639"
2022-23,North Carolina,"155,420","153,903","1,517"
2022-23,North Dakota,"12,726","12,411",315
2022-23,Ohio,"175,497","163,262","12,235"
2022-23,Oklahoma,"59,386","45,123","14,263"
2022-23,Oregon,"50,400","48,852","1,548"
2022-23,Pennsylvania,"179,037","171,317","7,720"
2022-23,Rhode Island,"20,908","19,148","1,760"
2022-23,South Carolina,"63,844","61,429","2,415"
2022-23,South Dakota,"12,042","11,821",221
2022-23,Tennessee,"87,270","77,727","9,543"
2022-23,Texas,"395,476","379,805","15,671"
2022-23,Utah,"118,329","107,406","10,923"
2022-23,Vermont,"10,109","9,943",166
2022-23,Virginia,"139,587","136,949","2,638"
2022-23,Washington,"89,264","86,096","3,168"
2022-23,West Virginia,"37,348","35,892","1,456"
2022-23,Wisconsin,"90,203","88,997","1,206"
2022-23,Wyoming,"7,507","7,477",30
2021-22,Total,"5,239,442","4,989,892","249,550"
2021-22,Alabama,"79,833","78,926",907
2021-22,Alaska,"4,075","3,983",92
2021-22,Arizona,"175,884","169,820","6,064"
2021-22,Arkansas,"53,053","51,867","1,186"
2021-22,California,"727,526","694,872","32,654"
2021-22,Colorado,"94,902","91,684","3,218"
2021-22,Connecticut,"51,535","46,772","4,763"
2021-22,Delaware,"13,906","13,010",896
2021-22,District of Columbia,"28,736","28,560",176
2021-22,Florida,"342,068","309,529","32,539"
2021-22,Georgia,"153,198","149,946","3,252"
2021-22,Hawaii,"13,141","12,869",272
2021-22,Idaho,"27,686","26,232","1,454"
2021-22,Illinois,"206,716","198,962","7,754"
2021-22,Indiana,"125,999","123,593","2,406"
2021-22,Iowa,"52,355","51,384",971
2021-22,Kansas,"52,393","50,467","1,926"
2021-22,Kentucky,"89,144","87,844","1,300"
2021-22,Louisiana,"65,750","59,172","6,578"
2021-22,Maine,"14,902","14,224",678
2021-22,Maryland,"87,910","85,375","2,535"
2021-22,Massachusetts,"137,340","133,353","3,987"
2021-22,Michigan,"122,956","116,383","6,573"
2021-22,Minnesota,"103,702","102,283","1,419"
2021-22,Mississippi,"47,035","44,902","2,133"
2021-22,Missouri,"90,383","87,486","2,897"
2021-22,Montana,"11,143","10,941",202
2021-22,Nebraska,"32,033","31,541",492
2021-22,Nevada,"30,250","26,622","3,628"
2021-22,New Hampshire,"44,131","43,629",502
2021-22,New Jersey,"103,406","92,717","10,689"
2021-22,New Mexico,"29,808","28,825",983
2021-22,New York,"315,276","299,774","15,502"
2021-22,North Carolina,"158,361","156,462","1,899"
2021-22,North Dakota,"12,903","12,611",292
2021-22,Ohio,"176,822","164,416","12,406"
2021-22,Oklahoma,"59,210","44,884","14,326"
2021-22,Oregon,"52,317","50,555","1,762"
2021-22,Pennsylvania,"181,899","174,352","7,547"
2021-22,Rhode Island,"20,933","19,383","1,550"
2021-22,South Carolina,"59,588","57,347","2,241"
2021-22,South Dakota,"11,762","11,524",238
2021-22,Tennessee,"85,496","76,257","9,239"
2021-22,Texas,"393,346","374,425","18,921"
2021-22,Utah,"118,010","107,501","10,509"
2021-22,Vermont,"10,329","10,205",124
2021-22,Virginia,"141,912","139,362","2,550"
2021-22,Washington,"94,993","92,226","2,767"
2021-22,West Virginia,"36,869","35,522","1,347"
2021-22,Wisconsin,"89,387","88,209","1,178"
2021-22,Wyoming,"7,130","7,104",26
2020-21,Total,"5,242,994","5,006,354","236,640"
2020-21,Alabama,"80,207","79,121","1,086"
2020-21,Alaska,"4,517","4,427",90
2020-21,Arizona,"173,348","168,287","5,061"
2020-21,Arkansas,"49,997","48,564","1,433"
2020-21,California,"713,621","683,941","29,680"
2020-21,Colorado,"91,942","89,149","2,793"
2020-21,Connecticut,"50,840","46,064","4,776"
2020-21,Delaware,"14,250","13,254",996
2020-21,District of Columbia,"29,868","29,579",289
2020-21,Florida,"347,495","317,668","29,827"
2020-21,Georgia,"154,032","151,020","3,012"
2020-21,Hawaii,"13,446","13,203",243
2020-21,Idaho,"27,371","26,092","1,279"
2020-21,Illinois,"202,543","195,468","7,075"
2020-21,Indiana,"123,925","121,721","2,204"
2020-21,Iowa,"52,060","51,214",846
2020-21,Kansas,"53,824","52,036","1,788"
2020-21,Kentucky,"86,790","85,601","1,189"
2020-21,Louisiana,"65,815","58,696","7,119"
2020-21,Maine,"14,602","13,950",652
2020-21,Maryland,"89,473","86,985","2,488"
2020-21,Massachusetts,"135,092","131,139","3,953"
2020-21,Michigan,"125,304","118,816","6,488"
2020-21,Minnesota,"104,449","103,227","1,222"
2020-21,Mississippi,"47,147","45,499","1,648"
2020-21,Missouri,"92,565","89,920","2,645"
2020-21,Montana,"10,928","10,736",192
2020-21,Nebraska,"32,453","32,012",441
2020-21,Nevada,"28,489","26,041","2,448"
2020-21,New Hampshire,"41,746","41,253",493
2020-21,New Jersey,"103,635","94,530","9,105"
2020-21,New Mexico,"30,423","29,586",837
2020-21,New York,"327,516","312,390","15,126"
2020-21,North Carolina,"163,089","158,962","4,127"
2020-21,North Dakota,"12,965","12,656",309
2020-21,Ohio,"173,739","161,856","11,883"
2020-21,Oklahoma,"59,251","44,607","14,644"
2020-21,Oregon,"54,093","52,453","1,640"
2020-21,Pennsylvania,"182,818","175,198","7,620"
2020-21,Rhode Island,"20,948","19,747","1,201"
2020-21,South Carolina,"58,954","57,099","1,855"
2020-21,South Dakota,"11,885","11,659",226
2020-21,Tennessee,"86,155","77,206","8,949"
2020-21,Texas,"394,328","375,540","18,788"
2020-21,Utah,"118,746","109,039","9,707"
2020-21,Vermont,"10,455","10,338",117
2020-21,Virginia,"140,992","138,938","2,054"
2020-21,Washington,"100,308","97,744","2,564"
2020-21,West Virginia,"37,728","36,364","1,364"
2020-21,Wisconsin,"89,738","88,699","1,039"
2020-21,Wyoming,"7,089","7,060",29
2019-20,Total,"5,137,005","4,921,013","215,992"
2019-20,Alabama,"78,445","77,333","1,112"
2019-20,Alaska,"4,756","4,651",105
2019-20,Arizona,"167,428","162,377","5,051"
2019-20,Arkansas,"49,934","48,574","1,360"
2019-20,California,"704,718","675,723","28,995"
2019-20,Colorado,"94,730","91,513","3,217"
2019-20,Connecticut,"51,701","46,355","5,346"
2019-20,Delaware,"13,394","12,721",673
2019-20,District of Columbia,"29,359","28,981",378
2019-20,Florida,"330,544","303,805","26,739"
2019-20,Georgia,"151,873","149,123","2,750"
2019-20,Hawaii,"13,575","13,379",196
2019-20,Idaho,"26,727","25,493","1,234"
2019-20,Illinois,"202,737","196,723","6,014"
2019-20,Indiana,"117,907","115,843","2,064"
2019-20,Iowa,"52,679","51,964",715
2019-20,Kansas,"54,031","52,312","1,719"
2019-20,Kentucky,"87,008","86,000","1,008"
2019-20,Louisiana,"64,719","58,979","5,740"
2019-20,Maine,"14,398","13,904",494
2019-20,Maryland,"86,651","84,237","2,414"
2019-20,Massachusetts,"136,114","133,017","3,097"
2019-20,Michigan,"129,146","122,804","6,342"
2019-20,Minnesota,"100,734","99,531","1,203"
2019-20,Mississippi,"45,925","44,283","1,642"
2019-20,Missouri,"93,507","91,013","2,494"
2019-20,Montana,"11,257","11,028",229
2019-20,Nebraska,"29,821","29,383",438
2019-20,Nevada,"27,451","25,309","2,142"
2019-20,New Hampshire,"35,941","35,472",469
2019-20,New Jersey,"100,787","92,507","8,280"
2019-20,New Mexico,"32,415","31,728",687
2019-20,New York,"324,650","311,280","13,370"
2019-20,North Carolina,"155,975","151,992","3,983"
2019-20,North Dakota,"13,020","12,724",296
2019-20,Ohio,"167,261","156,948","10,313"
2019-20,Oklahoma,"57,143","44,198","12,945"
2019-20,Oregon,"54,025","52,634","1,391"
2019-20,Pennsylvania,"182,801","176,160","6,641"
2019-20,Rhode Island,"21,457","20,253","1,204"
2019-20,South Carolina,"57,002","55,140","1,862"
2019-20,South Dakota,"12,415","12,171",244
2019-20,Tennessee,"84,001","75,730","8,271"
2019-20,Texas,"380,701","364,253","16,448"
2019-20,Utah,"107,410","98,996","8,414"
2019-20,Vermont,"10,767","10,671",96
2019-20,Virginia,"136,193","134,427","1,766"
2019-20,Washington,"99,598","97,432","2,166"
2019-20,West Virginia,"35,902","34,551","1,351"
2019-20,Wisconsin,"89,616","88,753",863
2019-20,Wyoming,"6,656","6,635",21
2018-19,Total,"5,144,436","4,907,120","237,316"
2018-19,Alabama,"77,324","76,229","1,095"
2018-19,Alaska,"4,974","4,812",162
2018-19,Arizona,"166,043","160,273","5,770"
2018-19,Arkansas,"49,755","48,214","1,541"
2018-19,California,"700,917","670,379","30,538"
2018-19,Colorado,"94,132","90,619","3,513"
2018-19,Connecticut,"53,486","47,673","5,813"
2018-19,Delaware,"14,396","13,443",953
2018-19,District of Columbia,"29,686","29,346",340
2018-19,Florida,"331,778","303,182","28,596"
2018-19,Georgia,"149,084","146,223","2,861"
2018-19,Hawaii,"14,135","13,948",187
2018-19,Idaho,"24,764","23,716","1,048"
2018-19,Illinois,"201,612","194,779","6,833"
2018-19,Indiana,"116,053","114,019","2,034"
2018-19,Iowa,"53,881","53,012",869
2018-19,Kansas,"54,280","52,260","2,020"
2018-19,Kentucky,"82,169","80,917","1,252"
2018-19,Louisiana,"66,239","59,923","6,316"
2018-19,Maine,"14,611","13,833",778
2018-19,Maryland,"86,593","84,170","2,423"
2018-19,Massachusetts,"135,794","131,708","4,086"
2018-19,Michigan,"131,682","124,473","7,209"
2018-19,Minnesota,"102,757","101,435","1,322"
2018-19,Mississippi,"46,181","44,380","1,801"
2018-19,Missouri,"96,015","93,219","2,796"
2018-19,Montana,"11,969","11,674",295
2018-19,Nebraska,"31,056","30,608",448
2018-19,Nevada,"26,874","24,708","2,166"
2018-19,New Hampshire,"35,679","35,049",630
2018-19,New Jersey,"103,014","93,056","9,958"
2018-19,New Mexico,"32,849","31,976",873
2018-19,New York,"329,645","312,140","17,505"
2018-19,North Carolina,"153,966","150,188","3,778"
2018-19,North Dakota,"12,895","12,608",287
2018-19,Ohio,"171,203","158,811","12,392"
2018-19,Oklahoma,"57,696","44,765","12,931"
2018-19,Oregon,"59,308","57,782","1,526"
2018-19,Pennsylvania,"186,404","178,807","7,597"
2018-19,Rhode Island,"21,737","20,511","1,226"
2018-19,South Carolina,"56,627","54,654","1,973"
2018-19,South Dakota,"12,443","12,257",186
2018-19,Tennessee,"82,259","73,436","8,823"
2018-19,Texas,"379,191","362,663","16,528"
2018-19,Utah,"93,990","85,010","8,980"
2018-19,Vermont,"11,143","11,037",106
2018-19,Virginia,"136,645","134,680","1,965"
2018-19,Washington,"106,325","103,830","2,495"
2018-19,West Virginia,"36,099","34,590","1,509"
2018-19,Wisconsin,"90,314","89,358",956
2018-19,Wyoming,"6,764","6,737",27
2017-18,Total,"5,020,910","4,784,374","236,536"
2017-18,Alabama,"71,781","70,688","1,093"
2017-18,Alaska,"5,231","5,050",181
2017-18,Arizona,"160,486","155,276","5,210"
2017-18,Arkansas,"46,353","44,688","1,665"
2017-18,California,"650,760","620,461","30,299"
2017-18,Colorado,"91,566","87,597","3,969"
2017-18,Connecticut,"52,655","46,481","6,174"
2017-18,Delaware,"15,481","14,465","1,016"
2017-18,District of Columbia,"28,222","28,005",217
2017-18,Florida,"317,123","287,694","29,429"
2017-18,Georgia,"144,442","141,466","2,976"
2017-18,Hawaii,"14,580","14,334",246
2017-18,Idaho,"24,271","23,117","1,154"
2017-18,Illinois,"207,263","200,978","6,285"
2017-18,Indiana,"105,287","103,369","1,918"
2017-18,Iowa,"62,504","61,654",850
2017-18,Kansas,"53,832","51,897","1,935"
2017-18,Kentucky,"78,500","76,999","1,501"
2017-18,Louisiana,"64,374","58,117","6,257"
2017-18,Maine,"14,912","14,280",632
2017-18,Maryland,"86,707","84,353","2,354"
2017-18,Massachusetts,"135,997","131,508","4,489"
2017-18,Michigan,"134,146","127,126","7,020"
2017-18,Minnesota,"100,984","99,715","1,269"
2017-18,Mississippi,"45,420","43,641","1,779"
2017-18,Missouri,"95,791","93,123","2,668"
2017-18,Montana,"11,324","10,980",344
2017-18,Nebraska,"30,970","30,487",483
2017-18,Nevada,"26,364","23,881","2,483"
2017-18,New Hampshire,"33,681","33,114",567
2017-18,New Jersey,"103,638","93,681","9,957"
2017-18,New Mexico,"33,582","32,746",836
2017-18,New York,"327,620","310,041","17,579"
2017-18,North Carolina,"150,425","146,928","3,497"
2017-18,North Dakota,"12,709","12,408",301
2017-18,Ohio,"165,645","153,771","11,874"
2017-18,Oklahoma,"56,519","43,853","12,666"
2017-18,Oregon,"58,599","57,032","1,567"
2017-18,Pennsylvania,"187,020","179,356","7,664"
2017-18,Rhode Island,"21,899","20,548","1,351"
2017-18,South Carolina,"55,810","54,106","1,704"
2017-18,South Dakota,"11,776","11,558",218
2017-18,Tennessee,"83,179","74,289","8,890"
2017-18,Texas,"370,918","354,512","16,406"
2017-18,Utah,"85,767","77,380","8,387"
2017-18,Vermont,"11,618","11,515",103
2017-18,Virginia,"134,048","132,227","1,821"
2017-18,Washington,"106,075","103,446","2,629"
2017-18,West Virginia,"36,430","34,748","1,682"
2017-18,Wisconsin,"89,220","88,312",908
2017-18,Wyoming,"7,406","7,373",33
2016-17,Total,"4,956,075","4,706,935","249,140"
2016-17,Alabama,"71,768","70,745","1,023"
2016-17,Alaska,"5,447","5,203",244
2016-17,Arizona,"161,619","155,449","6,170"
2016-17,Arkansas,"45,614","43,996","1,618"
2016-17,California,"603,691","570,854","32,837"
2016-17,Colorado,"89,466","85,881","3,585"
2016-17,Connecticut,"53,592","47,357","6,235"
2016-17,Delaware,"14,538","13,508","1,030"
2016-17,District of Columbia,"27,249","27,087",162
2016-17,Florida,"320,082","290,527","29,555"
2016-17,Georgia,"146,560","142,868","3,692"
2016-17,Hawaii,"15,312","15,102",210
2016-17,Idaho,"22,757","21,802",955
2016-17,Illinois,"210,198","203,794","6,404"
2016-17,Indiana,"102,508","100,389","2,119"
2016-17,Iowa,"64,752","63,780",972
2016-17,Kansas,"52,808","50,838","1,970"
2016-17,Kentucky,"75,812","74,551","1,261"
2016-17,Louisiana,"65,683","59,453","6,230"
2016-17,Maine,"15,206","14,467",739
2016-17,Maryland,"85,143","82,375","2,768"
2016-17,Massachusetts,"135,314","129,620","5,694"
2016-17,Michigan,"138,061","130,319","7,742"
2016-17,Minnesota,"101,338","100,041","1,297"
2016-17,Mississippi,"43,950","42,424","1,526"
2016-17,Missouri,"99,718","96,979","2,739"
2016-17,Montana,"11,310","11,036",274
2016-17,Nebraska,"30,345","29,863",482
2016-17,Nevada,"26,079","23,542","2,537"
2016-17,New Hampshire,"28,988","28,143",845
2016-17,New Jersey,"103,072","92,055","11,017"
2016-17,New Mexico,"37,761","36,925",836
2016-17,New York,"324,859","305,905","18,954"
2016-17,North Carolina,"145,723","142,567","3,156"
2016-17,North Dakota,"12,291","12,000",291
2016-17,Ohio,"166,113","153,837","12,276"
2016-17,Oklahoma,"57,796","44,867","12,929"
2016-17,Oregon,"58,136","56,398","1,738"
2016-17,Pennsylvania,"188,674","180,498","8,176"
2016-17,Rhode Island,"21,185","19,823","1,362"
2016-17,South Carolina,"56,634","54,852","1,782"
2016-17,South Dakota,"11,632","11,437",195
2016-17,Tennessee,"86,241","76,393","9,848"
2016-17,Texas,"362,133","344,900","17,233"
2016-17,Utah,"78,959","70,004","8,955"
2016-17,Vermont,"11,276","11,188",88
2016-17,Virginia,"135,852","133,473","2,379"
2016-17,Washington,"105,648","103,213","2,435"
2016-17,West Virginia,"36,326","34,812","1,514"
2016-17,Wisconsin,"83,596","82,552","1,044"
2016-17,Wyoming,"7,260","7,243",17
2015-16,Total,"4,892,308","4,638,571","253,737"
2015-16,Alabama,"69,136","68,208",928
2015-16,Alaska,"5,630","5,358",272
2015-16,Arizona,"166,067","159,195","6,872"
2015-16,Arkansas,"45,038","43,315","1,723"
2015-16,California,"581,604","548,524","33,080"
2015-16,Colorado,"87,757","83,080","4,677"
2015-16,Connecticut,"53,844","47,133","6,711"
2015-16,Delaware,"14,615","13,604","1,011"
2015-16,District of Columbia,"26,702","26,407",295
2015-16,Florida,"320,138","292,398","27,740"
2015-16,Georgia,"144,199","140,191","4,008"
2015-16,Hawaii,"15,673","15,433",240
2015-16,Idaho,"22,389","21,384","1,005"
2015-16,Illinois,"212,487","205,805","6,682"
2015-16,Indiana,"99,368","97,014","2,354"
2015-16,Iowa,"64,263","63,209","1,054"
2015-16,Kansas,"52,522","50,526","1,996"
2015-16,Kentucky,"71,640","69,998","1,642"
2015-16,Louisiana,"69,421","62,848","6,573"
2015-16,Maine,"15,370","14,528",842
2015-16,Maryland,"85,053","82,040","3,013"
2015-16,Massachusetts,"134,964","129,024","5,940"
2015-16,Michigan,"137,982","130,175","7,807"
2015-16,Minnesota,"102,645","101,415","1,230"
2015-16,Mississippi,"43,488","41,858","1,630"
2015-16,Missouri,"99,860","96,870","2,990"
2015-16,Montana,"11,280","10,987",293
2015-16,Nebraska,"30,314","29,819",495
2015-16,Nevada,"26,076","23,672","2,404"
2015-16,New Hampshire,"25,549","24,706",843
2015-16,New Jersey,"101,608","91,286","10,322"
2015-16,New Mexico,"31,460","30,574",886
2015-16,New York,"326,116","304,876","21,240"
2015-16,North Carolina,"138,477","135,248","3,229"
2015-16,North Dakota,"11,871","11,558",313
2015-16,Ohio,"163,557","151,157","12,400"
2015-16,Oklahoma,"56,534","45,323","11,211"
2015-16,Oregon,"58,613","56,747","1,866"
2015-16,Pennsylvania,"190,632","181,711","8,921"
2015-16,Rhode Island,"20,613","19,355","1,258"
2015-16,South Carolina,"56,313","54,725","1,588"
2015-16,South Dakota,"11,478","11,261",217
2015-16,Tennessee,"84,167","75,213","8,954"
2015-16,Texas,"350,579","333,391","17,188"
2015-16,Utah,"72,622","62,826","9,796"
2015-16,Vermont,"10,664","10,562",102
2015-16,Virginia,"137,487","135,001","2,486"
2015-16,Washington,"108,231","105,477","2,754"
2015-16,West Virginia,"35,974","34,376","1,598"
2015-16,Wisconsin,"83,041","82,011","1,030"
2015-16,Wyoming,"7,197","7,169",28
2014-15,Total,"4,863,935","4,582,619","281,316"
2014-15,Alabama,"67,251","66,609",642
2014-15,Alaska,"7,346","6,992",354
2014-15,Arizona,"171,214","163,974","7,240"
2014-15,Arkansas,"45,032","42,939","2,093"
2014-15,California,"565,562","528,583","36,979"
2014-15,Colorado,"87,889","82,603","5,286"
2014-15,Connecticut,"52,405","45,023","7,382"
2014-15,Delaware,"14,133","12,920","1,213"
2014-15,District of Columbia,"26,873","26,316",557
2014-15,Florida,"319,363","291,666","27,697"
2014-15,Georgia,"138,635","133,981","4,654"
2014-15,Hawaii,"15,434","15,158",276
2014-15,Idaho,"21,591","20,500","1,091"
2014-15,Illinois,"213,282","204,352","8,930"
2014-15,Indiana,"101,511","98,669","2,842"
2014-15,Iowa,"66,491","65,425","1,066"
2014-15,Kansas,"53,323","51,306","2,017"
2014-15,Kentucky,"71,179","69,400","1,779"
2014-15,Louisiana,"72,630","65,335","7,295"
2014-15,Maine,"15,456","14,184","1,272"
2014-15,Maryland,"85,112","81,627","3,485"
2014-15,Massachusetts,"132,144","125,779","6,365"
2014-15,Michigan,"142,359","132,676","9,683"
2014-15,Minnesota,"102,574","100,971","1,603"
2014-15,Mississippi,"42,255","40,359","1,896"
2014-15,Missouri,"100,643","97,307","3,336"
2014-15,Montana,"11,715","11,340",375
2014-15,Nebraska,"30,317","29,789",528
2014-15,Nevada,"26,205","23,593","2,612"
2014-15,New Hampshire,"23,694","22,765",929
2014-15,New Jersey,"101,696","89,385","12,311"
2014-15,New Mexico,"32,417","31,644",773
2014-15,New York,"326,563","301,789","24,774"
2014-15,North Carolina,"139,459","135,842","3,617"
2014-15,North Dakota,"12,093","11,763",330
2014-15,Ohio,"165,727","150,623","15,104"
2014-15,Oklahoma,"56,201","45,612","10,589"
2014-15,Oregon,"59,839","58,083","1,756"
2014-15,Pennsylvania,"194,216","183,722","10,494"
2014-15,Rhode Island,"20,590","19,292","1,298"
2014-15,South Carolina,"55,854","54,282","1,572"
2014-15,South Dakota,"11,341","11,134",207
2014-15,Tennessee,"82,644","73,677","8,967"
2014-15,Texas,"334,010","314,794","19,216"
2014-15,Utah,"68,506","59,174","9,332"
2014-15,Vermont,"10,651","10,540",111
2014-15,Virginia,"134,984","132,182","2,802"
2014-15,Washington,"105,981","102,522","3,459"
2014-15,West Virginia,"34,918","33,134","1,784"
2014-15,Wisconsin,"84,915","83,600","1,315"
2014-15,Wyoming,"7,712","7,684",28
2013-14,Total,"4,832,282","4,528,120","304,162"
2013-14,Alabama,"64,944","64,153",791
2013-14,Alaska,"7,394","7,394",N/A
2013-14,Arizona,"177,595","170,296","7,299"
2013-14,Arkansas,"44,053","41,546","2,507"
2013-14,California,"565,214","524,226","40,988"
2013-14,Colorado,"88,453","82,168","6,285"
2013-14,Connecticut,"52,524","44,507","8,017"
2013-14,Delaware,"13,655","12,263","1,392"
2013-14,District of Columbia,"27,088","26,419",669
2013-14,Florida,"317,989","287,122","30,867"
2013-14,Georgia,"134,000","128,336","5,664"
2013-14,Hawaii,"16,364","16,033",331
2013-14,Idaho,"21,498","20,296","1,202"
2013-14,Illinois,"216,679","204,744","11,935"
2013-14,Indiana,"100,234","97,402","2,832"
2013-14,Iowa,"65,523","64,352","1,171"
2013-14,Kansas,"53,803","51,393","2,410"
2013-14,Kentucky,"73,103","71,418","1,685"
2013-14,Louisiana,"73,442","67,363","6,079"
2013-14,Maine,"15,219","14,070","1,149"
2013-14,Maryland,"84,585","79,576","5,009"
2013-14,Massachusetts,"132,465","124,844","7,621"
2013-14,Michigan,"143,664","133,702","9,962"
2013-14,Minnesota,"103,436","101,267","2,169"
2013-14,Mississippi,"39,995","38,176","1,819"
2013-14,Missouri,"98,744","94,669","4,075"
2013-14,Montana,"11,058","10,726",332
2013-14,Nebraska,"30,388","29,845",543
2013-14,Nevada,"25,065","22,465","2,600"
2013-14,New Hampshire,"20,768","19,763","1,005"
2013-14,New Jersey,"102,607","87,939","14,668"
2013-14,New Mexico,"30,533","29,634",899
2013-14,New York,"328,612","302,271","26,341"
2013-14,North Carolina,"134,255","130,675","3,580"
2013-14,North Dakota,"12,127","11,766",361
2013-14,Ohio,"164,197","148,844","15,353"
2013-14,Oklahoma,"56,177","45,278","10,899"
2013-14,Oregon,"57,902","56,053","1,849"
2013-14,Pennsylvania,"196,477","185,782","10,695"
2013-14,Rhode Island,"20,420","19,148","1,272"
2013-14,South Carolina,"55,409","53,841","1,568"
2013-14,South Dakota,"11,406","11,167",239
2013-14,Tennessee,"84,013","74,829","9,184"
2013-14,Texas,"321,333","301,705","19,628"
2013-14,Utah,"66,258","57,224","9,034"
2013-14,Vermont,"10,728","10,625",103
2013-14,Virginia,"133,461","130,622","2,839"
2013-14,Washington,"102,268","98,285","3,983"
2013-14,West Virginia,"33,380","31,571","1,809"
2013-14,Wisconsin,"83,745","82,322","1,423"
2013-14,Wyoming,"8,032","8,005",27
2012-13,Total,"4,793,988","4,477,746","316,242"
2012-13,Alabama,"66,737","65,915",822
2012-13,Alaska,"6,952","6,952",N/A
2012-13,Arizona,"191,232","183,139","8,093"
2012-13,Arkansas,"42,082","39,385","2,697"
2012-13,California,"536,826","490,230","46,596"
2012-13,Colorado,"86,954","80,976","5,978"
2012-13,Connecticut,"52,438","44,043","8,395"
2012-13,Delaware,"13,574","12,083","1,491"
2012-13,District of Columbia,"26,477","25,875",602
2012-13,Florida,"320,360","291,276","29,084"
2012-13,Georgia,"131,338","126,176","5,162"
2012-13,Hawaii,"14,834","14,425",409
2012-13,Idaho,"21,517","20,212","1,305"
2012-13,Illinois,"222,417","208,896","13,521"
2012-13,Indiana,"98,353","95,408","2,945"
2012-13,Iowa,"84,665","83,396","1,269"
2012-13,Kansas,"51,596","49,395","2,201"
2012-13,Kentucky,"70,915","69,261","1,654"
2012-13,Louisiana,"67,287","60,847","6,440"
2012-13,Maine,"15,060","13,789","1,271"
2012-13,Maryland,"83,099","78,373","4,726"
2012-13,Massachusetts,"129,800","121,582","8,218"
2012-13,Michigan,"146,992","136,627","10,365"
2012-13,Minnesota,"104,134","101,645","2,489"
2012-13,Mississippi,"37,544","35,797","1,747"
2012-13,Missouri,"99,725","95,458","4,267"
2012-13,Montana,"10,704","10,304",400
2012-13,Nebraska,"30,623","29,988",635
2012-13,Nevada,"22,591","19,489","3,102"
2012-13,New Hampshire,"19,491","18,486","1,005"
2012-13,New Jersey,"99,009","82,308","16,701"
2012-13,New Mexico,"32,704","31,734",970
2012-13,New York,"323,918","298,469","25,449"
2012-13,North Carolina,"127,510","123,965","3,545"
2012-13,North Dakota,"11,830","11,459",371
2012-13,Ohio,"161,277","145,547","15,730"
2012-13,Oklahoma,"55,225","44,292","10,933"
2012-13,Oregon,"56,947","54,864","2,083"
2012-13,Pennsylvania,"197,839","186,704","11,135"
2012-13,Rhode Island,"20,608","18,699","1,909"
2012-13,South Carolina,"55,027","53,302","1,725"
2012-13,South Dakota,"11,373","11,108",265
2012-13,Tennessee,"84,230","74,785","9,445"
2012-13,Texas,"315,252","294,153","21,099"
2012-13,Utah,"62,226","54,194","8,032"
2012-13,Vermont,"11,746","11,622",124
2012-13,Virginia,"131,304","129,284","2,020"
2012-13,Washington,"104,894","100,298","4,596"
2012-13,West Virginia,"31,047","29,325","1,722"
2012-13,Wisconsin,"85,538","84,072","1,466"
2012-13,Wyoming,"8,167","8,134",33
2011-12,Total,"4,782,571","4,432,534","350,037"
2011-12,Alabama,"65,991","65,228",763
2011-12,Alaska,"6,432","6,140",292
2011-12,Arizona,"211,744","201,969","9,775"
2011-12,Arkansas,"41,438","38,847","2,591"
2011-12,California,"522,967","471,962","51,005"
2011-12,Colorado,"85,596","80,474","5,122"
2011-12,Connecticut,"51,736","42,370","9,366"
2011-12,Delaware,"13,418","11,530","1,888"
2011-12,District of Columbia,"25,122","24,551",571
2011-12,Florida,"321,609","288,186","33,423"
2011-12,Georgia,"132,716","127,260","5,456"
2011-12,Hawaii,"14,351","13,862",489
2011-12,Idaho,"20,161","18,865","1,296"
2011-12,Illinois,"216,825","203,580","13,245"
2011-12,Indiana,"97,337","93,908","3,429"
2011-12,Iowa,"85,376","83,987","1,389"
2011-12,Kansas,"49,967","46,636","3,331"
2011-12,Kentucky,"71,432","69,688","1,744"
2011-12,Louisiana,"73,258","65,323","7,935"
2011-12,Maine,"15,241","14,099","1,142"
2011-12,Maryland,"82,690","76,364","6,326"
2011-12,Massachusetts,"129,870","120,203","9,667"
2011-12,Michigan,"148,559","136,002","12,557"
2011-12,Minnesota,"102,723","100,230","2,493"
2011-12,Mississippi,"37,948","36,707","1,241"
2011-12,Missouri,"102,944","98,524","4,420"
2011-12,Montana,"10,400","10,037",363
2011-12,Nebraska,"30,028","29,403",625
2011-12,Nevada,"22,235","18,902","3,333"
2011-12,New Hampshire,"19,571","18,374","1,197"
2011-12,New Jersey,"101,971","83,504","18,467"
2011-12,New Mexico,"27,786","26,763","1,023"
2011-12,New York,"326,341","297,192","29,149"
2011-12,North Carolina,"123,842","119,945","3,897"
2011-12,North Dakota,"11,483","11,175",308
2011-12,Ohio,"166,640","149,974","16,666"
2011-12,Oklahoma,"54,633","42,999","11,634"
2011-12,Oregon,"54,045","51,799","2,246"
2011-12,Pennsylvania,"197,812","185,477","12,335"
2011-12,Rhode Island,"20,543","18,373","2,170"
2011-12,South Carolina,"53,729","51,831","1,898"
2011-12,South Dakota,"11,170","10,902",268
2011-12,Tennessee,"86,625","76,630","9,995"
2011-12,Texas,"309,231","285,596","23,635"
2011-12,Utah,"59,974","51,967","8,007"
2011-12,Vermont,"11,024","10,914",110
2011-12,Virginia,"130,116","127,786","2,330"
2011-12,Washington,"103,370","98,599","4,771"
2011-12,West Virginia,"28,556","26,563","1,993"
2011-12,Wisconsin,"86,832","84,204","2,628"
2011-12,Wyoming,"7,163","7,130",33
2010-11,Total,"4,637,322","4,267,598","369,724"
2010-11,Alabama,"62,215","61,495",720
2010-11,Alaska,"5,849","5,548",301
2010-11,Arizona,"191,893","182,011","9,882"
2010-11,Arkansas,"41,742","39,133","2,609"
2010-11,California,"517,231","465,952","51,279"
2010-11,Colorado,"81,711","76,928","4,783"
2010-11,Connecticut,"49,436","40,069","9,367"
2010-11,Delaware,"13,144","11,701","1,443"
2010-11,District of Columbia,"23,993","23,463",530
2010-11,Florida,"307,231","268,805","38,426"
2010-11,Georgia,"141,401","135,730","5,671"
2010-11,Hawaii,"13,430","12,919",511
2010-11,Idaho,"17,875","16,859","1,016"
2010-11,Illinois,"215,391","200,398","14,993"
2010-11,Indiana,"92,799","89,391","3,408"
2010-11,Iowa,"77,599","76,168","1,431"
2010-11,Kansas,"49,160","45,721","3,439"
2010-11,Kentucky,"69,094","67,285","1,809"
2010-11,Louisiana,"70,272","63,965","6,307"
2010-11,Maine,"14,523","13,538",985
2010-11,Maryland,"79,577","72,652","6,925"
2010-11,Massachusetts,"125,947","115,206","10,741"
2010-11,Michigan,"145,702","130,378","15,324"
2010-11,Minnesota,"98,534","95,991","2,543"
2010-11,Mississippi,"35,847","34,639","1,208"
2010-11,Missouri,"101,926","96,946","4,980"
2010-11,Montana,"10,095","9,758",337
2010-11,Nebraska,"28,551","27,936",615
2010-11,Nevada,"21,387","18,454","2,933"
2010-11,New Hampshire,"19,378","18,237","1,141"
2010-11,New Jersey,"98,269","79,186","19,083"
2010-11,New Mexico,"26,688","25,140","1,548"
2010-11,New York,"319,197","290,455","28,742"
2010-11,North Carolina,"121,413","117,490","3,923"
2010-11,North Dakota,"11,318","10,995",323
2010-11,Ohio,"162,583","144,549","18,034"
2010-11,Oklahoma,"53,298","41,593","11,705"
2010-11,Oregon,"50,112","47,754","2,358"
2010-11,Pennsylvania,"197,482","183,620","13,862"
2010-11,Rhode Island,"20,237","18,014","2,223"
2010-11,South Carolina,"51,485","49,271","2,214"
2010-11,South Dakota,"10,978","10,728",250
2010-11,Tennessee,"79,499","68,988","10,511"
2010-11,Texas,"303,241","271,063","32,178"
2010-11,Utah,"56,174","50,479","5,695"
2010-11,Vermont,"10,746","10,626",120
2010-11,Virginia,"120,603","118,490","2,113"
2010-11,Washington,"100,779","95,860","4,919"
2010-11,West Virginia,"28,156","26,182","1,974"
2010-11,Wisconsin,"84,310","82,048","2,262"
2010-11,Wyoming,"7,821","7,791",30
2009-10,Total,"4,336,631","3,989,583","347,048"
2009-10,Alabama,"56,931","56,395",536
2009-10,Alaska,"5,318","4,627",691
2009-10,Arizona,"166,401","158,882","7,519"
2009-10,Arkansas,"36,827","34,833","1,994"
2009-10,California,"491,958","440,290","51,668"
2009-10,Colorado,"77,839","72,595","5,244"
2009-10,Connecticut,"47,150","38,740","8,410"
2009-10,Delaware,"12,056","10,879","1,177"
2009-10,District of Columbia,"23,725","23,248",477
2009-10,Florida,"287,356","251,809","35,547"
2009-10,Georgia,"128,930","121,819","7,111"
2009-10,Hawaii,"12,075","11,732",343
2009-10,Idaho,"17,391","16,344","1,047"
2009-10,Illinois,"206,754","192,653","14,101"
2009-10,Indiana,"85,504","82,962","2,542"
2009-10,Iowa,"64,059","62,917","1,142"
2009-10,Kansas,"45,652","42,323","3,329"
2009-10,Kentucky,"63,481","61,952","1,529"
2009-10,Louisiana,"65,823","60,580","5,243"
2009-10,Maine,"13,579","12,776",803
2009-10,Maryland,"73,782","68,040","5,742"
2009-10,Massachusetts,"120,278","110,805","9,473"
2009-10,Michigan,"141,400","125,829","15,571"
2009-10,Minnesota,"93,463","91,013","2,450"
2009-10,Mississippi,"32,802","31,685","1,117"
2009-10,Missouri,"94,484","90,123","4,361"
2009-10,Montana,"9,273","9,010",263
2009-10,Nebraska,"26,540","25,919",621
2009-10,Nevada,"19,899","16,867","3,032"
2009-10,New Hampshire,"18,719","17,821",898
2009-10,New Jersey,"92,769","75,866","16,903"
2009-10,New Mexico,"23,150","21,999","1,151"
2009-10,New York,"305,454","278,804","26,650"
2009-10,North Carolina,"111,442","108,277","3,165"
2009-10,North Dakota,"11,062","10,722",340
2009-10,Ohio,"155,239","135,262","19,977"
2009-10,Oklahoma,"50,093","39,885","10,208"
2009-10,Oregon,"46,235","44,070","2,165"
2009-10,Pennsylvania,"191,269","176,969","14,300"
2009-10,Rhode Island,"19,699","17,786","1,913"
2009-10,South Carolina,"47,335","45,692","1,643"
2009-10,South Dakota,"9,901","9,668",233
2009-10,Tennessee,"73,665","64,215","9,450"
2009-10,Texas,"287,994","257,809","30,185"
2009-10,Utah,"49,213","44,867","4,346"
2009-10,Vermont,"10,329","10,218",111
2009-10,Virginia,"107,409","105,218","2,191"
2009-10,Washington,"93,187","88,688","4,499"
2009-10,West Virginia,"25,291","23,473","1,818"
2009-10,Wisconsin,"79,512","77,717","1,795"
2009-10,Wyoming,"6,934","6,910",24
2008-09,Total,"4,056,528","3,752,315","304,213"
2008-09,Alabama,"52,806","51,808",998
2008-09,Alaska,"4,462","3,818",644
2008-09,Arizona,"146,301","140,697","5,604"
2008-09,Arkansas,"33,108","31,315","1,793"
2008-09,California,"469,644","419,164","50,480"
2008-09,Colorado,"75,676","69,853","5,823"
2008-09,Connecticut,"44,880","37,882","6,998"
2008-09,Delaware,"11,652","10,815",837
2008-09,District of Columbia,"28,421","28,030",391
2008-09,Florida,"261,410","225,322","36,088"
2008-09,Georgia,"118,474","112,887","5,587"
2008-09,Hawaii,"12,350","12,006",344
2008-09,Idaho,"16,886","16,095",791
2008-09,Illinois,"195,990","184,775","11,215"
2008-09,Indiana,"79,613","77,521","2,092"
2008-09,Iowa,"55,597","54,403","1,194"
2008-09,Kansas,"42,720","40,190","2,530"
2008-09,Kentucky,"59,182","57,904","1,278"
2008-09,Louisiana,"62,148","53,575","8,573"
2008-09,Maine,"12,862","12,143",719
2008-09,Maryland,"68,095","63,515","4,580"
2008-09,Massachusetts,"113,308","105,316","7,992"
2008-09,Michigan,"133,492","121,623","11,869"
2008-09,Minnesota,"88,288","86,183","2,105"
2008-09,Mississippi,"30,950","30,055",895
2008-09,Missouri,"88,541","85,021","3,520"
2008-09,Montana,"9,096","8,888",208
2008-09,Nebraska,"26,752","26,126",626
2008-09,Nevada,"17,917","15,551","2,366"
2008-09,New Hampshire,"17,604","16,795",809
2008-09,New Jersey,"86,406","71,741","14,665"
2008-09,New Mexico,"20,597","19,909",688
2008-09,New York,"291,904","271,610","20,294"
2008-09,North Carolina,"104,405","101,746","2,659"
2008-09,North Dakota,"10,656","10,402",254
2008-09,Ohio,"145,474","129,239","16,235"
2008-09,Oklahoma,"48,532","39,347","9,185"
2008-09,Oregon,"42,724","41,070","1,654"
2008-09,Pennsylvania,"181,634","168,534","13,100"
2008-09,Rhode Island,"19,936","17,819","2,117"
2008-09,South Carolina,"44,759","43,516","1,243"
2008-09,South Dakota,"9,638","9,404",234
2008-09,Tennessee,"68,399","60,473","7,926"
2008-09,Texas,"260,743","238,345","22,398"
2008-09,Utah,"45,790","42,626","3,164"
2008-09,Vermont,"9,969","9,854",115
2008-09,Virginia,"96,731","94,637","2,094"
2008-09,Washington,"83,906","80,122","3,784"
2008-09,West Virginia,"22,806","21,449","1,357"
2008-09,Wisconsin,"76,510","74,442","2,068"
2008-09,Wyoming,"6,784","6,754",30
2007-08,Total,"3,882,397","3,584,225","298,172"
2007-08,Alabama,"51,166","50,591",575
2007-08,Alaska,"4,431","3,808",623
2007-08,Arizona,"132,294","125,348","6,946"
2007-08,Arkansas,"30,182","28,327","1,855"
2007-08,California,"452,314","406,560","45,754"
2007-08,Colorado,"70,820","65,149","5,671"
2007-08,Connecticut,"42,976","36,493","6,483"
2007-08,Delaware,"11,234","10,511",723
2007-08,District of Columbia,"27,493","26,695",798
2007-08,Florida,"246,461","211,023","35,438"
2007-08,Georgia,"112,016","104,854","7,162"
2007-08,Hawaii,"12,347","11,987",360
2007-08,Idaho,"14,887","14,247",640
2007-08,Illinois,"193,157","182,208","10,949"
2007-08,Indiana,"78,412","76,359","2,053"
2007-08,Iowa,"52,974","51,587","1,387"
2007-08,Kansas,"42,679","40,028","2,651"
2007-08,Kentucky,"58,627","57,269","1,358"
2007-08,Louisiana,"52,465","45,566","6,899"
2007-08,Maine,"12,908","12,246",662
2007-08,Maryland,"65,081","60,905","4,176"
2007-08,Massachusetts,"110,386","103,183","7,203"
2007-08,Michigan,"128,833","118,161","10,672"
2007-08,Minnesota,"84,194","82,234","1,960"
2007-08,Mississippi,"29,935","29,088",847
2007-08,Missouri,"83,641","80,664","2,977"
2007-08,Montana,"8,902","8,670",232
2007-08,Nebraska,"26,446","25,673",773
2007-08,Nevada,"16,543","14,725","1,818"
2007-08,New Hampshire,"17,135","16,405",730
2007-08,New Jersey,"82,229","69,343","12,886"
2007-08,New Mexico,"20,639","19,767",872
2007-08,New York,"283,343","264,526","18,817"
2007-08,North Carolina,"98,977","96,839","2,138"
2007-08,North Dakota,"10,497","10,260",237
2007-08,Ohio,"141,035","127,483","13,552"
2007-08,Oklahoma,"46,321","37,897","8,424"
2007-08,Oregon,"41,637","39,547","2,090"
2007-08,Pennsylvania,"174,945","161,775","13,170"
2007-08,Rhode Island,"19,533","17,306","2,227"
2007-08,South Carolina,"43,941","42,853","1,088"
2007-08,South Dakota,"9,781","9,515",266
2007-08,Tennessee,"64,662","56,234","8,428"
2007-08,Texas,"246,243","215,297","30,946"
2007-08,Utah,"44,615","41,946","2,669"
2007-08,Vermont,"9,724","9,615",109
2007-08,Virginia,"90,720","88,391","2,329"
2007-08,Washington,"78,770","74,460","4,310"
2007-08,West Virginia,"22,713","21,374","1,339"
2007-08,Wisconsin,"74,313","72,432","1,881"
2007-08,Wyoming,"6,820","6,801",19
2006-07,Total,"3,775,360","3,484,031","291,329"
2006-07,Alabama,"47,554","47,221",333
2006-07,Alaska,"4,434","3,735",699
2006-07,Arizona,"122,973","116,912","6,061"
2006-07,Arkansas,"28,534","26,692","1,842"
2006-07,California,"439,024","395,385","43,639"
2006-07,Colorado,"67,966","61,659","6,307"
2006-07,Connecticut,"42,166","35,899","6,267"
2006-07,Delaware,"11,244","10,284",960
2006-07,District of Columbia,"26,029","25,380",649
2006-07,Florida,"234,450","202,429","32,021"
2006-07,Georgia,"106,778","100,259","6,519"
2006-07,Hawaii,"12,239","11,836",403
2006-07,Idaho,"15,075","14,426",649
2006-07,Illinois,"191,536","181,499","10,037"
2006-07,Indiana,"76,347","74,380","1,967"
2006-07,Iowa,"50,806","49,506","1,300"
2006-07,Kansas,"43,044","38,357","4,687"
2006-07,Kentucky,"55,986","54,609","1,377"
2006-07,Louisiana,"52,421","47,911","4,510"
2006-07,Maine,"12,432","11,751",681
2006-07,Maryland,"63,787","59,941","3,846"
2006-07,Massachusetts,"106,694","99,228","7,466"
2006-07,Michigan,"125,779","115,670","10,109"
2006-07,Minnesota,"81,707","79,847","1,860"
2006-07,Mississippi,"29,287","28,487",800
2006-07,Missouri,"81,874","78,992","2,882"
2006-07,Montana,"8,883","8,657",226
2006-07,Nebraska,"25,502","24,821",681
2006-07,Nevada,"17,001","14,068","2,933"
2006-07,New Hampshire,"17,352","16,359",993
2006-07,New Jersey,"79,469","66,355","13,114"
2006-07,New Mexico,"20,364","19,591",773
2006-07,New York,"279,529","259,939","19,590"
2006-07,North Carolina,"95,275","93,069","2,206"
2006-07,North Dakota,"10,497","10,247",250
2006-07,Ohio,"133,779","121,078","12,701"
2006-07,Oklahoma,"46,953","38,477","8,476"
2006-07,Oregon,"41,350","39,247","2,103"
2006-07,Pennsylvania,"171,864","158,813","13,051"
2006-07,Rhode Island,"18,979","17,070","1,909"
2006-07,South Carolina,"42,009","40,945","1,064"
2006-07,South Dakota,"9,866","9,653",213
2006-07,Tennessee,"64,347","56,476","7,871"
2006-07,Texas,"241,511","210,603","30,908"
2006-07,Utah,"43,750","41,036","2,714"
2006-07,Vermont,"9,120","9,001",119
2006-07,Virginia,"85,985","82,776","3,209"
2006-07,Washington,"78,995","74,033","4,962"
2006-07,West Virginia,"21,875","20,270","1,605"
2006-07,Wisconsin,"73,953","72,194","1,759"
2006-07,Wyoming,"6,986","6,958",28
2005-06,Total,"3,689,764","3,386,579","303,185"
2005-06,Alabama,"49,661","48,831",830
2005-06,Alaska,"4,252","3,608",644
2005-06,Arizona,"107,182","101,055","6,127"
2005-06,Arkansas,"27,714","25,886","1,828"
2005-06,California,"434,528","380,525","54,003"
2005-06,Colorado,"68,964","62,165","6,799"
2005-06,Connecticut,"41,446","35,558","5,888"
2005-06,Delaware,"11,062","10,391",671
2005-06,District of Columbia,"26,089","25,321",768
2005-06,Florida,"228,664","195,670","32,994"
2005-06,Georgia,"104,535","97,767","6,768"
2005-06,Hawaii,"12,496","12,021",475
2005-06,Idaho,"14,946","14,209",737
2005-06,Illinois,"188,311","177,986","10,325"
2005-06,Indiana,"74,722","72,952","1,770"
2005-06,Iowa,"49,403","48,038","1,365"
2005-06,Kansas,"42,655","38,488","4,167"
2005-06,Kentucky,"53,773","52,446","1,327"
2005-06,Louisiana,"39,801","37,070","2,731"
2005-06,Maine,"12,147","11,524",623
2005-06,Maryland,"61,902","57,893","4,009"
2005-06,Massachusetts,"105,497","98,332","7,165"
2005-06,Michigan,"124,105","113,365","10,740"
2005-06,Minnesota,"78,987","76,781","2,206"
2005-06,Mississippi,"28,513","27,664",849
2005-06,Missouri,"80,171","77,303","2,868"
2005-06,Montana,"8,835","8,599",236
2005-06,Nebraska,"25,785","25,048",737
2005-06,Nevada,"16,012","14,269","1,743"
2005-06,New Hampshire,"16,982","16,010",972
2005-06,New Jersey,"79,188","65,098","14,090"
2005-06,New Mexico,"20,129","19,329",800
2005-06,New York,"276,958","256,825","20,133"
2005-06,North Carolina,"92,656","90,348","2,308"
2005-06,North Dakota,"10,085","9,838",247
2005-06,Ohio,"132,365","120,225","12,140"
2005-06,Oklahoma,"46,260","37,771","8,489"
2005-06,Oregon,"41,637","39,159","2,478"
2005-06,Pennsylvania,"169,784","156,308","13,476"
2005-06,Rhode Island,"18,745","16,727","2,018"
2005-06,South Carolina,"41,784","40,589","1,195"
2005-06,South Dakota,"9,563","9,379",184
2005-06,Tennessee,"62,292","55,114","7,178"
2005-06,Texas,"235,736","204,743","30,993"
2005-06,Utah,"43,484","40,846","2,638"
2005-06,Vermont,"8,897","8,797",100
2005-06,Virginia,"83,851","80,309","3,542"
2005-06,Washington,"79,127","73,745","5,382"
2005-06,West Virginia,"19,912","17,987","1,925"
2005-06,Wisconsin,"70,616","69,149","1,467"
2005-06,Wyoming,"7,555","7,518",37
2004-05,Total,"3,596,860","3,287,780","309,080"
2004-05,Alabama,"49,367","48,451",916
2004-05,Alaska,"3,896","3,273",623
2004-05,Arizona,"97,133","90,733","6,400"
2004-05,Arkansas,"28,644","24,685","3,959"
2004-05,California,"425,430","371,579","53,851"
2004-05,Colorado,"66,560","59,285","7,275"
2004-05,Connecticut,"40,186","34,468","5,718"
2004-05,Delaware,"10,705","9,915",790
2004-05,District of Columbia,"23,499","22,455","1,044"
2004-05,Florida,"220,882","187,629","33,253"
2004-05,Georgia,"104,635","98,226","6,409"
2004-05,Hawaii,"12,251","11,741",510
2004-05,Idaho,"14,866","13,917",949
2004-05,Illinois,"182,472","171,367","11,105"
2004-05,Indiana,"71,364","69,511","1,853"
2004-05,Iowa,"46,719","45,418","1,301"
2004-05,Kansas,"41,896","37,325","4,571"
2004-05,Kentucky,"47,947","46,807","1,140"
2004-05,Louisiana,"46,689","41,262","5,427"
2004-05,Maine,"11,951","11,376",575
2004-05,Maryland,"60,304","56,553","3,751"
2004-05,Massachusetts,"104,033","96,451","7,582"
2004-05,Michigan,"121,199","110,998","10,201"
2004-05,Minnesota,"75,050","73,154","1,896"
2004-05,Mississippi,"28,475","27,785",690
2004-05,Missouri,"78,303","75,937","2,366"
2004-05,Montana,"8,847","8,614",233
2004-05,Nebraska,"25,342","24,542",800
2004-05,Nevada,"13,762","12,907",855
2004-05,New Hampshire,"16,623","15,894",729
2004-05,New Jersey,"78,789","64,033","14,756"
2004-05,New Mexico,"19,513","18,585",928
2004-05,New York,"271,801","250,514","21,287"
2004-05,North Carolina,"90,475","88,011","2,464"
2004-05,North Dakota,"9,652","9,464",188
2004-05,Ohio,"127,994","115,688","12,306"
2004-05,Oklahoma,"45,680","37,657","8,023"
2004-05,Oregon,"40,970","38,772","2,198"
2004-05,Pennsylvania,"163,904","150,974","12,930"
2004-05,Rhode Island,"18,309","16,329","1,980"
2004-05,South Carolina,"41,669","40,548","1,121"
2004-05,South Dakota,"9,570","9,388",182
2004-05,Tennessee,"61,000","53,220","7,780"
2004-05,Texas,"229,065","199,514","29,551"
2004-05,Utah,"41,368","38,773","2,595"
2004-05,Vermont,"8,501","8,419",82
2004-05,Virginia,"81,503","77,421","4,082"
2004-05,Washington,"80,398","73,998","6,400"
2004-05,West Virginia,"19,662","17,793","1,869"
2004-05,Wisconsin,"70,894","69,343","1,551"
2004-05,Wyoming,"7,113","7,078",35
2003-04,Total,"3,477,476","3,169,304","308,172"
2003-04,Alabama,"47,706","47,163",543
2003-04,Alaska,"3,804","3,290",514
2003-04,Arizona,"89,052","82,109","6,943"
2003-04,Arkansas,"29,092","23,095","5,997"
2003-04,California,"412,528","362,005","50,523"
2003-04,Colorado,"62,247","55,691","6,556"
2003-04,Connecticut,"38,423","33,519","4,904"
2003-04,Delaware,"9,933","9,309",624
2003-04,District of Columbia,"24,188","23,080","1,108"
2003-04,Florida,"214,634","180,555","34,079"
2003-04,Georgia,"106,085","98,363","7,722"
2003-04,Hawaii,"12,710","11,963",747
2003-04,Idaho,"13,519","12,657",862
2003-04,Illinois,"164,615","154,832","9,783"
2003-04,Indiana,"70,097","67,521","2,576"
2003-04,Iowa,"43,771","42,548","1,223"
2003-04,Kansas,"41,453","37,400","4,053"
2003-04,Kentucky,"44,468","43,338","1,130"
2003-04,Louisiana,"45,809","40,317","5,492"
2003-04,Maine,"11,330","10,772",558
2003-04,Maryland,"57,437","54,036","3,401"
2003-04,Massachusetts,"101,808","95,797","6,011"
2003-04,Michigan,"118,572","110,628","7,944"
2003-04,Minnesota,"71,525","69,892","1,633"
2003-04,Mississippi,"27,500","26,768",732
2003-04,Missouri,"76,177","73,395","2,782"
2003-04,Montana,"8,991","8,813",178
2003-04,Nebraska,"23,415","22,772",643
2003-04,Nevada,"12,267","11,540",727
2003-04,New Hampshire,"16,127","15,521",606
2003-04,New Jersey,"75,656","61,422","14,234"
2003-04,New Mexico,"18,111","17,498",613
2003-04,New York,"270,097","248,601","21,496"
2003-04,North Carolina,"88,012","85,724","2,288"
2003-04,North Dakota,"9,345","9,148",197
2003-04,Ohio,"124,829","111,417","13,412"
2003-04,Oklahoma,"44,386","35,729","8,657"
2003-04,Oregon,"40,375","37,089","3,286"
2003-04,Pennsylvania,"158,171","144,816","13,355"
2003-04,Rhode Island,"18,240","16,218","2,022"
2003-04,South Carolina,"40,022","38,989","1,033"
2003-04,South Dakota,"9,764","9,578",186
2003-04,Tennessee,"58,478","50,407","8,071"
2003-04,Texas,"218,481","188,160","30,321"
2003-04,Utah,"40,511","37,502","3,009"
2003-04,Vermont,"8,187","8,090",97
2003-04,Virginia,"78,372","73,229","5,143"
2003-04,Washington,"81,529","74,486","7,043"
2003-04,West Virginia,"18,889","16,919","1,970"
2003-04,Wisconsin,"70,049","68,935","1,114"
2003-04,Wyoming,"6,689","6,658",31
2002-03,Total,"3,297,453","3,004,973","292,480"
2002-03,Alabama,"45,328","44,833",495
2002-03,Alaska,"4,638","3,089","1,549"
2002-03,Arizona,"76,795","69,972","6,823"
2002-03,Arkansas,"29,644","22,792","6,852"
2002-03,California,"396,844","349,019","47,825"
2002-03,Colorado,"57,687","51,239","6,448"
2002-03,Connecticut,"36,761","32,355","4,406"
2002-03,Delaware,"9,782","9,251",531
2002-03,District of Columbia,"22,090","21,013","1,077"
2002-03,Florida,"199,989","164,051","35,938"
2002-03,Georgia,"94,493","87,698","6,795"
2002-03,Hawaii,"12,137","11,333",804
2002-03,Idaho,"13,868","13,115",753
2002-03,Illinois,"157,884","149,812","8,072"
2002-03,Indiana,"66,971","65,217","1,754"
2002-03,Iowa,"42,716","41,472","1,244"
2002-03,Kansas,"39,771","35,418","4,353"
2002-03,Kentucky,"39,098","38,045","1,053"
2002-03,Louisiana,"50,202","45,903","4,299"
2002-03,Maine,"10,929","10,469",460
2002-03,Maryland,"53,891","51,286","2,605"
2002-03,Massachusetts,"97,906","92,611","5,295"
2002-03,Michigan,"113,456","106,194","7,262"
2002-03,Minnesota,"64,926","63,125","1,801"
2002-03,Mississippi,"26,445","25,741",704
2002-03,Missouri,"73,662","71,112","2,550"
2002-03,Montana,"8,456","8,333",123
2002-03,Nebraska,"22,789","22,211",578
2002-03,Nevada,"10,880","10,113",767
2002-03,New Hampshire,"15,140","14,533",607
2002-03,New Jersey,"73,093","58,270","14,823"
2002-03,New Mexico,"16,806","16,187",619
2002-03,New York,"258,895","238,898","19,997"
2002-03,North Carolina,"82,640","81,191","1,449"
2002-03,North Dakota,"8,737","8,622",115
2002-03,Ohio,"119,943","107,674","12,269"
2002-03,Oklahoma,"42,140","33,498","8,642"
2002-03,Oregon,"37,311","34,811","2,500"
2002-03,Pennsylvania,"151,844","137,838","14,006"
2002-03,Rhode Island,"17,407","15,413","1,994"
2002-03,South Carolina,"38,142","37,192",950
2002-03,South Dakota,"8,760","8,642",118
2002-03,Tennessee,"56,636","48,486","8,150"
2002-03,Texas,"202,609","177,095","25,514"
2002-03,Utah,"38,524","35,520","3,004"
2002-03,Vermont,"8,037","7,976",61
2002-03,Virginia,"74,966","69,986","4,980"
2002-03,Washington,"75,392","69,162","6,230"
2002-03,West Virginia,"18,231","16,533","1,698"
2002-03,Wisconsin,"65,723","64,212","1,511"
2002-03,Wyoming,"6,439","6,412",27
