Completion Year,State,Total,Male,Female
2023-24,Total,"5,367,633","2,193,492","3,174,141"
2023-24,Alabama,"81,485","34,680","46,805"
2023-24,Alaska,"5,100","1,891","3,209"
2023-24,Arizona,"188,809","73,843","114,966"
2023-24,Arkansas,"54,665","21,100","33,565"
2023-24,California,"742,584","302,022","440,562"
2023-24,Colorado,"95,374","39,890","55,484"
2023-24,Connecticut,"54,119","22,556","31,563"
2023-24,Delaware,"14,178","5,805","8,373"
2023-24,District of Columbia,"29,352","11,007","18,345"
2023-24,Florida,"341,816","135,807","206,009"
2023-24,Georgia,"161,542","64,701","96,841"
2023-24,Hawaii,"12,171","4,607","7,564"
2023-24,Idaho,"36,378","13,876","22,502"
2023-24,Illinois,"218,066","89,584","128,482"
2023-24,Indiana,"145,485","62,858","82,627"
2023-24,Iowa,"53,400","22,639","30,761"
2023-24,Kansas,"55,234","23,085","32,149"
2023-24,Kentucky,"96,197","44,568","51,629"
2023-24,Louisiana,"70,994","27,398","43,596"
2023-24,Maine,"15,626","6,022","9,604"
2023-24,Maryland,"88,243","38,950","49,293"
2023-24,Massachusetts,"138,189","57,905","80,284"
2023-24,Michigan,"123,670","51,952","71,718"
2023-24,Minnesota,"105,818","34,386","71,432"
2023-24,Mississippi,"44,905","17,462","27,443"
2023-24,Missouri,"92,388","38,770","53,618"
2023-24,Montana,"10,922","4,557","6,365"
2023-24,Nebraska,"32,905","14,276","18,629"
2023-24,Nevada,"30,244","11,376","18,868"
2023-24,New Hampshire,"54,585","20,901","33,684"
2023-24,New Jersey,"103,669","44,687","58,982"
2023-24,New Mexico,"29,008","10,798","18,210"
2023-24,New York,"301,450","118,750","182,700"
2023-24,North Carolina,"164,370","68,475","95,895"
2023-24,North Dakota,"12,648","5,576","7,072"
2023-24,Ohio,"164,617","68,610","96,007"
2023-24,Oklahoma,"62,327","26,548","35,779"
2023-24,Oregon,"50,751","20,792","29,959"
2023-24,Pennsylvania,"173,687","71,620","102,067"
2023-24,Rhode Island,"20,859","8,813","12,046"
2023-24,South Carolina,"63,825","25,410","38,415"
2023-24,South Dakota,"11,951","5,403","6,548"
2023-24,Tennessee,"88,939","35,164","53,775"
2023-24,Texas,"410,427","170,443","239,984"
2023-24,Utah,"133,878","54,460","79,418"
2023-24,Vermont,"9,736","4,132","5,604"
2023-24,Virginia,"142,909","58,744","84,165"
2023-24,Washington,"90,972","36,802","54,170"
2023-24,West Virginia,"38,895","19,628","19,267"
2023-24,Wisconsin,"90,737","36,441","54,296"
2023-24,Wyoming,"7,534","3,722","3,812"
2022-23,Total,"5,218,948","2,112,088","3,106,860"
2022-23,Alabama,"80,834","34,392","46,442"
2022-23,Alaska,"5,014","1,737","3,277"
2022-23,Arizona,"177,369","67,547","109,822"
2022-23,Arkansas,"52,321","20,325","31,996"
2022-23,California,"712,076","284,442","427,634"
2022-23,Colorado,"93,498","38,998","54,500"
2022-23,Connecticut,"52,759","21,775","30,984"
2022-23,Delaware,"13,426","4,937","8,489"
2022-23,District of Columbia,"30,339","11,664","18,675"
2022-23,Florida,"327,456","129,693","197,763"
2022-23,Georgia,"156,693","62,246","94,447"
2022-23,Hawaii,"12,193","4,534","7,659"
2022-23,Idaho,"28,035","10,682","17,353"
2022-23,Illinois,"209,301","86,053","123,248"
2022-23,Indiana,"129,353","54,331","75,022"
2022-23,Iowa,"53,189","23,019","30,170"
2022-23,Kansas,"52,571","21,998","30,573"
2022-23,Kentucky,"90,081","41,033","49,048"
2022-23,Louisiana,"67,037","25,528","41,509"
2022-23,Maine,"14,872","5,533","9,339"
2022-23,Maryland,"87,956","38,239","49,717"
2022-23,Massachusetts,"137,001","56,973","80,028"
2022-23,Michigan,"124,578","52,321","72,257"
2022-23,Minnesota,"101,985","34,073","67,912"
2022-23,Mississippi,"46,698","18,056","28,642"
2022-23,Missouri,"91,971","38,080","53,891"
2022-23,Montana,"11,232","4,584","6,648"
2022-23,Nebraska,"31,120","13,522","17,598"
2022-23,Nevada,"29,909","11,191","18,718"
2022-23,New Hampshire,"50,080","18,744","31,336"
2022-23,New Jersey,"103,245","44,254","58,991"
2022-23,New Mexico,"32,329","11,940","20,389"
2022-23,New York,"308,074","120,597","187,477"
2022-23,North Carolina,"155,420","63,206","92,214"
2022-23,North Dakota,"12,726","5,422","7,304"
2022-23,Ohio,"175,497","73,684","101,813"
2022-23,Oklahoma,"59,386","25,086","34,300"
2022-23,Oregon,"50,400","20,254","30,146"
2022-23,Pennsylvania,"179,037","73,965","105,072"
2022-23,Rhode Island,"20,908","8,875","12,033"
2022-23,South Carolina,"63,844","25,032","38,812"
2022-23,South Dakota,"12,042","5,392","6,650"
2022-23,Tennessee,"87,270","34,691","52,579"
2022-23,Texas,"395,476","161,040","234,436"
2022-23,Utah,"118,329","46,302","72,027"
2022-23,Vermont,"10,109","4,313","5,796"
2022-23,Virginia,"139,587","57,703","81,884"
2022-23,Washington,"89,264","35,677","53,587"
2022-23,West Virginia,"37,348","18,681","18,667"
2022-23,Wisconsin,"90,203","36,013","54,190"
2022-23,Wyoming,"7,507","3,711","3,796"
2021-22,Total,"5,239,442","2,094,071","3,145,371"
2021-22,Alabama,"79,833","33,621","46,212"
2021-22,Alaska,"4,075","1,561","2,514"
2021-22,Arizona,"175,884","64,732","111,152"
2021-22,Arkansas,"53,053","20,240","32,813"
2021-22,California,"727,526","285,373","442,153"
2021-22,Colorado,"94,902","39,933","54,969"
2021-22,Connecticut,"51,535","20,690","30,845"
2021-22,Delaware,"13,906","4,870","9,036"
2021-22,District of Columbia,"28,736","11,012","17,724"
2021-22,Florida,"342,068","133,554","208,514"
2021-22,Georgia,"153,198","60,299","92,899"
2021-22,Hawaii,"13,141","4,926","8,215"
2021-22,Idaho,"27,686","10,469","17,217"
2021-22,Illinois,"206,716","82,570","124,146"
2021-22,Indiana,"125,999","51,801","74,198"
2021-22,Iowa,"52,355","22,694","29,661"
2021-22,Kansas,"52,393","21,516","30,877"
2021-22,Kentucky,"89,144","40,485","48,659"
2021-22,Louisiana,"65,750","24,732","41,018"
2021-22,Maine,"14,902","5,651","9,251"
2021-22,Maryland,"87,910","37,511","50,399"
2021-22,Massachusetts,"137,340","56,350","80,990"
2021-22,Michigan,"122,956","51,242","71,714"
2021-22,Minnesota,"103,702","35,005","68,697"
2021-22,Mississippi,"47,035","17,798","29,237"
2021-22,Missouri,"90,383","36,337","54,046"
2021-22,Montana,"11,143","4,627","6,516"
2021-22,Nebraska,"32,033","13,504","18,529"
2021-22,Nevada,"30,250","11,016","19,234"
2021-22,New Hampshire,"44,131","16,504","27,627"
2021-22,New Jersey,"103,406","43,574","59,832"
2021-22,New Mexico,"29,808","10,827","18,981"
2021-22,New York,"315,276","122,410","192,866"
2021-22,North Carolina,"158,361","63,748","94,613"
2021-22,North Dakota,"12,903","5,549","7,354"
2021-22,Ohio,"176,822","74,151","102,671"
2021-22,Oklahoma,"59,210","25,289","33,921"
2021-22,Oregon,"52,317","20,701","31,616"
2021-22,Pennsylvania,"181,899","73,851","108,048"
2021-22,Rhode Island,"20,933","8,754","12,179"
2021-22,South Carolina,"59,588","23,428","36,160"
2021-22,South Dakota,"11,762","5,129","6,633"
2021-22,Tennessee,"85,496","33,050","52,446"
2021-22,Texas,"393,346","157,593","235,753"
2021-22,Utah,"118,010","47,255","70,755"
2021-22,Vermont,"10,329","4,615","5,714"
2021-22,Virginia,"141,912","57,639","84,273"
2021-22,Washington,"94,993","38,647","56,346"
2021-22,West Virginia,"36,869","18,260","18,609"
2021-22,Wisconsin,"89,387","35,688","53,699"
2021-22,Wyoming,"7,130","3,290","3,840"
2020-21,Total,"5,242,994","2,098,351","3,144,643"
2020-21,Alabama,"80,207","33,266","46,941"
2020-21,Alaska,"4,517","1,753","2,764"
2020-21,Arizona,"173,348","63,647","109,701"
2020-21,Arkansas,"49,997","19,174","30,823"
2020-21,California,"713,621","276,054","437,567"
2020-21,Colorado,"91,942","39,335","52,607"
2020-21,Connecticut,"50,840","21,203","29,637"
2020-21,Delaware,"14,250","5,004","9,246"
2020-21,District of Columbia,"29,868","11,587","18,281"
2020-21,Florida,"347,495","136,778","210,717"
2020-21,Georgia,"154,032","60,363","93,669"
2020-21,Hawaii,"13,446","5,299","8,147"
2020-21,Idaho,"27,371","10,759","16,612"
2020-21,Illinois,"202,543","79,365","123,178"
2020-21,Indiana,"123,925","50,598","73,327"
2020-21,Iowa,"52,060","22,728","29,332"
2020-21,Kansas,"53,824","22,032","31,792"
2020-21,Kentucky,"86,790","40,372","46,418"
2020-21,Louisiana,"65,815","24,898","40,917"
2020-21,Maine,"14,602","5,527","9,075"
2020-21,Maryland,"89,473","37,935","51,538"
2020-21,Massachusetts,"135,092","55,894","79,198"
2020-21,Michigan,"125,304","52,217","73,087"
2020-21,Minnesota,"104,449","35,723","68,726"
2020-21,Mississippi,"47,147","18,320","28,827"
2020-21,Missouri,"92,565","37,463","55,102"
2020-21,Montana,"10,928","4,517","6,411"
2020-21,Nebraska,"32,453","13,715","18,738"
2020-21,Nevada,"28,489","10,669","17,820"
2020-21,New Hampshire,"41,746","15,712","26,034"
2020-21,New Jersey,"103,635","44,004","59,631"
2020-21,New Mexico,"30,423","10,925","19,498"
2020-21,New York,"327,516","128,182","199,334"
2020-21,North Carolina,"163,089","67,647","95,442"
2020-21,North Dakota,"12,965","5,587","7,378"
2020-21,Ohio,"173,739","73,677","100,062"
2020-21,Oklahoma,"59,251","25,303","33,948"
2020-21,Oregon,"54,093","21,341","32,752"
2020-21,Pennsylvania,"182,818","75,662","107,156"
2020-21,Rhode Island,"20,948","8,726","12,222"
2020-21,South Carolina,"58,954","23,293","35,661"
2020-21,South Dakota,"11,885","5,194","6,691"
2020-21,Tennessee,"86,155","33,459","52,696"
2020-21,Texas,"394,328","157,505","236,823"
2020-21,Utah,"118,746","46,312","72,434"
2020-21,Vermont,"10,455","4,573","5,882"
2020-21,Virginia,"140,992","56,995","83,997"
2020-21,Washington,"100,308","40,950","59,358"
2020-21,West Virginia,"37,728","18,450","19,278"
2020-21,Wisconsin,"89,738","35,404","54,334"
2020-21,Wyoming,"7,089","3,255","3,834"
2019-20,Total,"5,137,005","2,110,754","3,026,251"
2019-20,Alabama,"78,445","33,502","44,943"
2019-20,Alaska,"4,756","1,848","2,908"
2019-20,Arizona,"167,428","65,279","102,149"
2019-20,Arkansas,"49,934","19,576","30,358"
2019-20,California,"704,718","285,050","419,668"
2019-20,Colorado,"94,730","41,402","53,328"
2019-20,Connecticut,"51,701","21,868","29,833"
2019-20,Delaware,"13,394","4,929","8,465"
2019-20,District of Columbia,"29,359","11,593","17,766"
2019-20,Florida,"330,544","133,300","197,244"
2019-20,Georgia,"151,873","61,087","90,786"
2019-20,Hawaii,"13,575","5,509","8,066"
2019-20,Idaho,"26,727","10,492","16,235"
2019-20,Illinois,"202,737","82,777","119,960"
2019-20,Indiana,"117,907","48,217","69,690"
2019-20,Iowa,"52,679","23,410","29,269"
2019-20,Kansas,"54,031","22,457","31,574"
2019-20,Kentucky,"87,008","42,198","44,810"
2019-20,Louisiana,"64,719","25,386","39,333"
2019-20,Maine,"14,398","5,581","8,817"
2019-20,Maryland,"86,651","37,381","49,270"
2019-20,Massachusetts,"136,114","57,255","78,859"
2019-20,Michigan,"129,146","55,537","73,609"
2019-20,Minnesota,"100,734","35,327","65,407"
2019-20,Mississippi,"45,925","18,342","27,583"
2019-20,Missouri,"93,507","38,464","55,043"
2019-20,Montana,"11,257","4,803","6,454"
2019-20,Nebraska,"29,821","12,960","16,861"
2019-20,Nevada,"27,451","10,723","16,728"
2019-20,New Hampshire,"35,941","13,323","22,618"
2019-20,New Jersey,"100,787","43,579","57,208"
2019-20,New Mexico,"32,415","12,087","20,328"
2019-20,New York,"324,650","129,836","194,814"
2019-20,North Carolina,"155,975","66,148","89,827"
2019-20,North Dakota,"13,020","5,683","7,337"
2019-20,Ohio,"167,261","70,167","97,094"
2019-20,Oklahoma,"57,143","24,238","32,905"
2019-20,Oregon,"54,025","22,149","31,876"
2019-20,Pennsylvania,"182,801","76,893","105,908"
2019-20,Rhode Island,"21,457","9,185","12,272"
2019-20,South Carolina,"57,002","23,121","33,881"
2019-20,South Dakota,"12,415","5,434","6,981"
2019-20,Tennessee,"84,001","33,911","50,090"
2019-20,Texas,"380,701","157,312","223,389"
2019-20,Utah,"107,410","41,692","65,718"
2019-20,Vermont,"10,767","4,936","5,831"
2019-20,Virginia,"136,193","55,656","80,537"
2019-20,Washington,"99,598","42,523","57,075"
2019-20,West Virginia,"35,902","17,432","18,470"
2019-20,Wisconsin,"89,616","36,327","53,289"
2019-20,Wyoming,"6,656","2,869","3,787"
2018-19,Total,"5,144,436","2,136,345","3,008,091"
2018-19,Alabama,"77,324","33,621","43,703"
2018-19,Alaska,"4,974","1,980","2,994"
2018-19,Arizona,"166,043","66,690","99,353"
2018-19,Arkansas,"49,755","19,685","30,070"
2018-19,California,"700,917","289,492","411,425"
2018-19,Colorado,"94,132","40,908","53,224"
2018-19,Connecticut,"53,486","22,856","30,630"
2018-19,Delaware,"14,396","5,341","9,055"
2018-19,District of Columbia,"29,686","11,892","17,794"
2018-19,Florida,"331,778","134,673","197,105"
2018-19,Georgia,"149,084","59,862","89,222"
2018-19,Hawaii,"14,135","5,790","8,345"
2018-19,Idaho,"24,764","10,033","14,731"
2018-19,Illinois,"201,612","84,106","117,506"
2018-19,Indiana,"116,053","47,895","68,158"
2018-19,Iowa,"53,881","24,259","29,622"
2018-19,Kansas,"54,280","23,150","31,130"
2018-19,Kentucky,"82,169","38,077","44,092"
2018-19,Louisiana,"66,239","26,372","39,867"
2018-19,Maine,"14,611","5,655","8,956"
2018-19,Maryland,"86,593","37,716","48,877"
2018-19,Massachusetts,"135,794","56,775","79,019"
2018-19,Michigan,"131,682","56,355","75,327"
2018-19,Minnesota,"102,757","36,650","66,107"
2018-19,Mississippi,"46,181","18,076","28,105"
2018-19,Missouri,"96,015","40,128","55,887"
2018-19,Montana,"11,969","5,131","6,838"
2018-19,Nebraska,"31,056","13,692","17,364"
2018-19,Nevada,"26,874","10,649","16,225"
2018-19,New Hampshire,"35,679","13,593","22,086"
2018-19,New Jersey,"103,014","44,331","58,683"
2018-19,New Mexico,"32,849","12,790","20,059"
2018-19,New York,"329,645","132,669","196,976"
2018-19,North Carolina,"153,966","65,731","88,235"
2018-19,North Dakota,"12,895","5,754","7,141"
2018-19,Ohio,"171,203","72,485","98,718"
2018-19,Oklahoma,"57,696","25,086","32,610"
2018-19,Oregon,"59,308","24,162","35,146"
2018-19,Pennsylvania,"186,404","79,054","107,350"
2018-19,Rhode Island,"21,737","9,020","12,717"
2018-19,South Carolina,"56,627","22,915","33,712"
2018-19,South Dakota,"12,443","5,496","6,947"
2018-19,Tennessee,"82,259","33,835","48,424"
2018-19,Texas,"379,191","160,325","218,866"
2018-19,Utah,"93,990","36,839","57,151"
2018-19,Vermont,"11,143","5,118","6,025"
2018-19,Virginia,"136,645","56,443","80,202"
2018-19,Washington,"106,325","45,538","60,787"
2018-19,West Virginia,"36,099","17,514","18,585"
2018-19,Wisconsin,"90,314","37,182","53,132"
2018-19,Wyoming,"6,764","2,956","3,808"
2017-18,Total,"5,020,910","2,099,909","2,921,001"
2017-18,Alabama,"71,781","31,323","40,458"
2017-18,Alaska,"5,231","2,114","3,117"
2017-18,Arizona,"160,486","64,747","95,739"
2017-18,Arkansas,"46,353","18,819","27,534"
2017-18,California,"650,760","273,035","377,725"
2017-18,Colorado,"91,566","40,628","50,938"
2017-18,Connecticut,"52,655","22,578","30,077"
2017-18,Delaware,"15,481","5,933","9,548"
2017-18,District of Columbia,"28,222","11,338","16,884"
2017-18,Florida,"317,123","129,127","187,996"
2017-18,Georgia,"144,442","58,216","86,226"
2017-18,Hawaii,"14,580","5,979","8,601"
2017-18,Idaho,"24,271","9,966","14,305"
2017-18,Illinois,"207,263","86,717","120,546"
2017-18,Indiana,"105,287","45,739","59,548"
2017-18,Iowa,"62,504","26,926","35,578"
2017-18,Kansas,"53,832","22,609","31,223"
2017-18,Kentucky,"78,500","36,657","41,843"
2017-18,Louisiana,"64,374","26,663","37,711"
2017-18,Maine,"14,912","5,776","9,136"
2017-18,Maryland,"86,707","37,651","49,056"
2017-18,Massachusetts,"135,997","56,527","79,470"
2017-18,Michigan,"134,146","57,118","77,028"
2017-18,Minnesota,"100,984","36,665","64,319"
2017-18,Mississippi,"45,420","18,077","27,343"
2017-18,Missouri,"95,791","40,207","55,584"
2017-18,Montana,"11,324","4,918","6,406"
2017-18,Nebraska,"30,970","13,407","17,563"
2017-18,Nevada,"26,364","10,449","15,915"
2017-18,New Hampshire,"33,681","13,354","20,327"
2017-18,New Jersey,"103,638","44,323","59,315"
2017-18,New Mexico,"33,582","13,127","20,455"
2017-18,New York,"327,620","131,617","196,003"
2017-18,North Carolina,"150,425","64,072","86,353"
2017-18,North Dakota,"12,709","5,814","6,895"
2017-18,Ohio,"165,645","69,668","95,977"
2017-18,Oklahoma,"56,519","25,248","31,271"
2017-18,Oregon,"58,599","23,707","34,892"
2017-18,Pennsylvania,"187,020","80,340","106,680"
2017-18,Rhode Island,"21,899","9,204","12,695"
2017-18,South Carolina,"55,810","22,786","33,024"
2017-18,South Dakota,"11,776","5,300","6,476"
2017-18,Tennessee,"83,179","34,871","48,308"
2017-18,Texas,"370,918","157,290","213,628"
2017-18,Utah,"85,767","34,612","51,155"
2017-18,Vermont,"11,618","5,361","6,257"
2017-18,Virginia,"134,048","55,305","78,743"
2017-18,Washington,"106,075","46,364","59,711"
2017-18,West Virginia,"36,430","17,436","18,994"
2017-18,Wisconsin,"89,220","36,774","52,446"
2017-18,Wyoming,"7,406","3,427","3,979"
2016-17,Total,"4,956,075","2,068,642","2,887,433"
2016-17,Alabama,"71,768","31,165","40,603"
2016-17,Alaska,"5,447","2,186","3,261"
2016-17,Arizona,"161,619","64,537","97,082"
2016-17,Arkansas,"45,614","18,749","26,865"
2016-17,California,"603,691","249,429","354,262"
2016-17,Colorado,"89,466","39,632","49,834"
2016-17,Connecticut,"53,592","23,249","30,343"
2016-17,Delaware,"14,538","5,415","9,123"
2016-17,District of Columbia,"27,249","11,257","15,992"
2016-17,Florida,"320,082","130,377","189,705"
2016-17,Georgia,"146,560","58,484","88,076"
2016-17,Hawaii,"15,312","6,396","8,916"
2016-17,Idaho,"22,757","9,504","13,253"
2016-17,Illinois,"210,198","89,002","121,196"
2016-17,Indiana,"102,508","43,717","58,791"
2016-17,Iowa,"64,752","27,154","37,598"
2016-17,Kansas,"52,808","22,183","30,625"
2016-17,Kentucky,"75,812","34,391","41,421"
2016-17,Louisiana,"65,683","27,425","38,258"
2016-17,Maine,"15,206","5,883","9,323"
2016-17,Maryland,"85,143","36,412","48,731"
2016-17,Massachusetts,"135,314","56,042","79,272"
2016-17,Michigan,"138,061","58,748","79,313"
2016-17,Minnesota,"101,338","37,430","63,908"
2016-17,Mississippi,"43,950","17,424","26,526"
2016-17,Missouri,"99,718","42,515","57,203"
2016-17,Montana,"11,310","4,952","6,358"
2016-17,Nebraska,"30,345","12,998","17,347"
2016-17,Nevada,"26,079","10,105","15,974"
2016-17,New Hampshire,"28,988","11,601","17,387"
2016-17,New Jersey,"103,072","44,113","58,959"
2016-17,New Mexico,"37,761","14,617","23,144"
2016-17,New York,"324,859","131,849","193,010"
2016-17,North Carolina,"145,723","61,450","84,273"
2016-17,North Dakota,"12,291","5,729","6,562"
2016-17,Ohio,"166,113","70,027","96,086"
2016-17,Oklahoma,"57,796","25,585","32,211"
2016-17,Oregon,"58,136","23,550","34,586"
2016-17,Pennsylvania,"188,674","80,490","108,184"
2016-17,Rhode Island,"21,185","8,969","12,216"
2016-17,South Carolina,"56,634","22,836","33,798"
2016-17,South Dakota,"11,632","5,186","6,446"
2016-17,Tennessee,"86,241","35,740","50,501"
2016-17,Texas,"362,133","153,806","208,327"
2016-17,Utah,"78,959","33,191","45,768"
2016-17,Vermont,"11,276","5,145","6,131"
2016-17,Virginia,"135,852","56,499","79,353"
2016-17,Washington,"105,648","46,006","59,642"
2016-17,West Virginia,"36,326","17,533","18,793"
2016-17,Wisconsin,"83,596","34,510","49,086"
2016-17,Wyoming,"7,260","3,449","3,811"
2015-16,Total,"4,892,308","2,036,650","2,855,658"
2015-16,Alabama,"69,136","29,995","39,141"
2015-16,Alaska,"5,630","2,179","3,451"
2015-16,Arizona,"166,067","66,235","99,832"
2015-16,Arkansas,"45,038","17,881","27,157"
2015-16,California,"581,604","240,766","340,838"
2015-16,Colorado,"87,757","38,517","49,240"
2015-16,Connecticut,"53,844","23,250","30,594"
2015-16,Delaware,"14,615","5,668","8,947"
2015-16,District of Columbia,"26,702","11,039","15,663"
2015-16,Florida,"320,138","129,516","190,622"
2015-16,Georgia,"144,199","58,151","86,048"
2015-16,Hawaii,"15,673","6,560","9,113"
2015-16,Idaho,"22,389","9,263","13,126"
2015-16,Illinois,"212,487","91,103","121,384"
2015-16,Indiana,"99,368","41,565","57,803"
2015-16,Iowa,"64,263","26,075","38,188"
2015-16,Kansas,"52,522","21,867","30,655"
2015-16,Kentucky,"71,640","31,316","40,324"
2015-16,Louisiana,"69,421","29,945","39,476"
2015-16,Maine,"15,370","5,947","9,423"
2015-16,Maryland,"85,053","36,468","48,585"
2015-16,Massachusetts,"134,964","55,845","79,119"
2015-16,Michigan,"137,982","57,878","80,104"
2015-16,Minnesota,"102,645","37,914","64,731"
2015-16,Mississippi,"43,488","16,991","26,497"
2015-16,Missouri,"99,860","42,270","57,590"
2015-16,Montana,"11,280","4,939","6,341"
2015-16,Nebraska,"30,314","13,114","17,200"
2015-16,Nevada,"26,076","10,302","15,774"
2015-16,New Hampshire,"25,549","10,323","15,226"
2015-16,New Jersey,"101,608","43,379","58,229"
2015-16,New Mexico,"31,460","12,112","19,348"
2015-16,New York,"326,116","131,525","194,591"
2015-16,North Carolina,"138,477","59,004","79,473"
2015-16,North Dakota,"11,871","5,438","6,433"
2015-16,Ohio,"163,557","68,341","95,216"
2015-16,Oklahoma,"56,534","24,766","31,768"
2015-16,Oregon,"58,613","23,691","34,922"
2015-16,Pennsylvania,"190,632","81,534","109,098"
2015-16,Rhode Island,"20,613","8,705","11,908"
2015-16,South Carolina,"56,313","22,570","33,743"
2015-16,South Dakota,"11,478","4,793","6,685"
2015-16,Tennessee,"84,167","34,678","49,489"
2015-16,Texas,"350,579","147,252","203,327"
2015-16,Utah,"72,622","32,269","40,353"
2015-16,Vermont,"10,664","4,800","5,864"
2015-16,Virginia,"137,487","56,589","80,898"
2015-16,Washington,"108,231","47,260","60,971"
2015-16,West Virginia,"35,974","17,337","18,637"
2015-16,Wisconsin,"83,041","34,403","48,638"
2015-16,Wyoming,"7,197","3,322","3,875"
2014-15,Total,"4,863,935","2,015,290","2,848,645"
2014-15,Alabama,"67,251","28,709","38,542"
2014-15,Alaska,"7,346","2,679","4,667"
2014-15,Arizona,"171,214","66,550","104,664"
2014-15,Arkansas,"45,032","17,630","27,402"
2014-15,California,"565,562","234,303","331,259"
2014-15,Colorado,"87,889","38,451","49,438"
2014-15,Connecticut,"52,405","22,303","30,102"
2014-15,Delaware,"14,133","5,040","9,093"
2014-15,District of Columbia,"26,873","11,226","15,647"
2014-15,Florida,"319,363","129,437","189,926"
2014-15,Georgia,"138,635","55,333","83,302"
2014-15,Hawaii,"15,434","6,422","9,012"
2014-15,Idaho,"21,591","8,988","12,603"
2014-15,Illinois,"213,282","91,189","122,093"
2014-15,Indiana,"101,511","42,043","59,468"
2014-15,Iowa,"66,491","26,889","39,602"
2014-15,Kansas,"53,323","22,178","31,145"
2014-15,Kentucky,"71,179","30,110","41,069"
2014-15,Louisiana,"72,630","32,497","40,133"
2014-15,Maine,"15,456","5,990","9,466"
2014-15,Maryland,"85,112","36,556","48,556"
2014-15,Massachusetts,"132,144","54,868","77,276"
2014-15,Michigan,"142,359","58,824","83,535"
2014-15,Minnesota,"102,574","37,896","64,678"
2014-15,Mississippi,"42,255","16,607","25,648"
2014-15,Missouri,"100,643","42,813","57,830"
2014-15,Montana,"11,715","4,936","6,779"
2014-15,Nebraska,"30,317","12,947","17,370"
2014-15,Nevada,"26,205","10,306","15,899"
2014-15,New Hampshire,"23,694","9,491","14,203"
2014-15,New Jersey,"101,696","42,984","58,712"
2014-15,New Mexico,"32,417","12,842","19,575"
2014-15,New York,"326,563","131,358","195,205"
2014-15,North Carolina,"139,459","58,492","80,967"
2014-15,North Dakota,"12,093","5,504","6,589"
2014-15,Ohio,"165,727","67,873","97,854"
2014-15,Oklahoma,"56,201","24,871","31,330"
2014-15,Oregon,"59,839","23,918","35,921"
2014-15,Pennsylvania,"194,216","82,301","111,915"
2014-15,Rhode Island,"20,590","8,951","11,639"
2014-15,South Carolina,"55,854","21,939","33,915"
2014-15,South Dakota,"11,341","4,868","6,473"
2014-15,Tennessee,"82,644","34,107","48,537"
2014-15,Texas,"334,010","139,276","194,734"
2014-15,Utah,"68,506","30,683","37,823"
2014-15,Vermont,"10,651","4,743","5,908"
2014-15,Virginia,"134,984","55,771","79,213"
2014-15,Washington,"105,981","45,824","60,157"
2014-15,West Virginia,"34,918","17,342","17,576"
2014-15,Wisconsin,"84,915","34,562","50,353"
2014-15,Wyoming,"7,712","3,870","3,842"
2013-14,Total,"4,832,282","1,991,492","2,840,790"
2013-14,Alabama,"64,944","27,338","37,606"
2013-14,Alaska,"7,394","2,634","4,760"
2013-14,Arizona,"177,595","68,594","109,001"
2013-14,Arkansas,"44,053","17,129","26,924"
2013-14,California,"565,214","231,813","333,401"
2013-14,Colorado,"88,453","38,740","49,713"
2013-14,Connecticut,"52,524","21,817","30,707"
2013-14,Delaware,"13,655","4,960","8,695"
2013-14,District of Columbia,"27,088","11,452","15,636"
2013-14,Florida,"317,989","128,470","189,519"
2013-14,Georgia,"134,000","53,498","80,502"
2013-14,Hawaii,"16,364","6,669","9,695"
2013-14,Idaho,"21,498","8,993","12,505"
2013-14,Illinois,"216,679","91,840","124,839"
2013-14,Indiana,"100,234","42,112","58,122"
2013-14,Iowa,"65,523","26,219","39,304"
2013-14,Kansas,"53,803","22,135","31,668"
2013-14,Kentucky,"73,103","31,026","42,077"
2013-14,Louisiana,"73,442","33,198","40,244"
2013-14,Maine,"15,219","5,852","9,367"
2013-14,Maryland,"84,585","36,002","48,583"
2013-14,Massachusetts,"132,465","54,335","78,130"
2013-14,Michigan,"143,664","58,798","84,866"
2013-14,Minnesota,"103,436","39,032","64,404"
2013-14,Mississippi,"39,995","15,287","24,708"
2013-14,Missouri,"98,744","41,181","57,563"
2013-14,Montana,"11,058","4,789","6,269"
2013-14,Nebraska,"30,388","13,218","17,170"
2013-14,Nevada,"25,065","9,620","15,445"
2013-14,New Hampshire,"20,768","8,260","12,508"
2013-14,New Jersey,"102,607","43,026","59,581"
2013-14,New Mexico,"30,533","11,981","18,552"
2013-14,New York,"328,612","130,825","197,787"
2013-14,North Carolina,"134,255","55,073","79,182"
2013-14,North Dakota,"12,127","5,326","6,801"
2013-14,Ohio,"164,197","67,375","96,822"
2013-14,Oklahoma,"56,177","24,791","31,386"
2013-14,Oregon,"57,902","23,459","34,443"
2013-14,Pennsylvania,"196,477","83,477","113,000"
2013-14,Rhode Island,"20,420","8,885","11,535"
2013-14,South Carolina,"55,409","21,606","33,803"
2013-14,South Dakota,"11,406","4,929","6,477"
2013-14,Tennessee,"84,013","34,662","49,351"
2013-14,Texas,"321,333","132,493","188,840"
2013-14,Utah,"66,258","29,681","36,577"
2013-14,Vermont,"10,728","4,730","5,998"
2013-14,Virginia,"133,461","55,615","77,846"
2013-14,Washington,"102,268","44,440","57,828"
2013-14,West Virginia,"33,380","16,329","17,051"
2013-14,Wisconsin,"83,745","33,543","50,202"
2013-14,Wyoming,"8,032","4,235","3,797"
2012-13,Total,"4,793,988","1,957,031","2,836,957"
2012-13,Alabama,"66,737","27,914","38,823"
2012-13,Alaska,"6,952","2,453","4,499"
2012-13,Arizona,"191,232","73,605","117,627"
2012-13,Arkansas,"42,082","16,130","25,952"
2012-13,California,"536,826","222,108","314,718"
2012-13,Colorado,"86,954","37,182","49,772"
2012-13,Connecticut,"52,438","21,863","30,575"
2012-13,Delaware,"13,574","4,856","8,718"
2012-13,District of Columbia,"26,477","11,091","15,386"
2012-13,Florida,"320,360","128,009","192,351"
2012-13,Georgia,"131,338","51,510","79,828"
2012-13,Hawaii,"14,834","6,084","8,750"
2012-13,Idaho,"21,517","8,984","12,533"
2012-13,Illinois,"222,417","92,429","129,988"
2012-13,Indiana,"98,353","40,677","57,676"
2012-13,Iowa,"84,665","31,109","53,556"
2012-13,Kansas,"51,596","20,434","31,162"
2012-13,Kentucky,"70,915","28,713","42,202"
2012-13,Louisiana,"67,287","29,010","38,277"
2012-13,Maine,"15,060","5,642","9,418"
2012-13,Maryland,"83,099","34,763","48,336"
2012-13,Massachusetts,"129,800","53,111","76,689"
2012-13,Michigan,"146,992","59,827","87,165"
2012-13,Minnesota,"104,134","39,186","64,948"
2012-13,Mississippi,"37,544","13,782","23,762"
2012-13,Missouri,"99,725","41,982","57,743"
2012-13,Montana,"10,704","4,535","6,169"
2012-13,Nebraska,"30,623","13,223","17,400"
2012-13,Nevada,"22,591","8,368","14,223"
2012-13,New Hampshire,"19,491","7,792","11,699"
2012-13,New Jersey,"99,009","40,854","58,155"
2012-13,New Mexico,"32,704","12,389","20,315"
2012-13,New York,"323,918","129,414","194,504"
2012-13,North Carolina,"127,510","51,750","75,760"
2012-13,North Dakota,"11,830","5,317","6,513"
2012-13,Ohio,"161,277","65,019","96,258"
2012-13,Oklahoma,"55,225","23,865","31,360"
2012-13,Oregon,"56,947","23,016","33,931"
2012-13,Pennsylvania,"197,839","83,062","114,777"
2012-13,Rhode Island,"20,608","8,992","11,616"
2012-13,South Carolina,"55,027","21,184","33,843"
2012-13,South Dakota,"11,373","4,871","6,502"
2012-13,Tennessee,"84,230","34,555","49,675"
2012-13,Texas,"315,252","129,787","185,465"
2012-13,Utah,"62,226","27,630","34,596"
2012-13,Vermont,"11,746","5,312","6,434"
2012-13,Virginia,"131,304","54,223","77,081"
2012-13,Washington,"104,894","46,057","58,837"
2012-13,West Virginia,"31,047","15,012","16,035"
2012-13,Wisconsin,"85,538","33,993","51,545"
2012-13,Wyoming,"8,167","4,357","3,810"
2011-12,Total,"4,782,571","1,936,542","2,846,029"
2011-12,Alabama,"65,991","27,281","38,710"
2011-12,Alaska,"6,432","2,261","4,171"
2011-12,Arizona,"211,744","79,798","131,946"
2011-12,Arkansas,"41,438","15,585","25,853"
2011-12,California,"522,967","213,497","309,470"
2011-12,Colorado,"85,596","35,545","50,051"
2011-12,Connecticut,"51,736","21,308","30,428"
2011-12,Delaware,"13,418","4,723","8,695"
2011-12,District of Columbia,"25,122","10,541","14,581"
2011-12,Florida,"321,609","128,283","193,326"
2011-12,Georgia,"132,716","53,553","79,163"
2011-12,Hawaii,"14,351","5,632","8,719"
2011-12,Idaho,"20,161","8,268","11,893"
2011-12,Illinois,"216,825","89,888","126,937"
2011-12,Indiana,"97,337","41,275","56,062"
2011-12,Iowa,"85,376","31,121","54,255"
2011-12,Kansas,"49,967","19,662","30,305"
2011-12,Kentucky,"71,432","28,724","42,708"
2011-12,Louisiana,"73,258","32,498","40,760"
2011-12,Maine,"15,241","5,881","9,360"
2011-12,Maryland,"82,690","33,984","48,706"
2011-12,Massachusetts,"129,870","53,224","76,646"
2011-12,Michigan,"148,559","60,332","88,227"
2011-12,Minnesota,"102,723","38,377","64,346"
2011-12,Mississippi,"37,948","13,528","24,420"
2011-12,Missouri,"102,944","41,917","61,027"
2011-12,Montana,"10,400","4,423","5,977"
2011-12,Nebraska,"30,028","12,951","17,077"
2011-12,Nevada,"22,235","8,162","14,073"
2011-12,New Hampshire,"19,571","7,652","11,919"
2011-12,New Jersey,"101,971","41,397","60,574"
2011-12,New Mexico,"27,786","10,875","16,911"
2011-12,New York,"326,341","128,561","197,780"
2011-12,North Carolina,"123,842","49,987","73,855"
2011-12,North Dakota,"11,483","5,096","6,387"
2011-12,Ohio,"166,640","67,197","99,443"
2011-12,Oklahoma,"54,633","23,782","30,851"
2011-12,Oregon,"54,045","21,882","32,163"
2011-12,Pennsylvania,"197,812","82,256","115,556"
2011-12,Rhode Island,"20,543","8,831","11,712"
2011-12,South Carolina,"53,729","20,483","33,246"
2011-12,South Dakota,"11,170","4,698","6,472"
2011-12,Tennessee,"86,625","35,210","51,415"
2011-12,Texas,"309,231","125,203","184,028"
2011-12,Utah,"59,974","26,816","33,158"
2011-12,Vermont,"11,024","4,724","6,300"
2011-12,Virginia,"130,116","53,391","76,725"
2011-12,Washington,"103,370","44,903","58,467"
2011-12,West Virginia,"28,556","13,708","14,848"
2011-12,Wisconsin,"86,832","34,294","52,538"
2011-12,Wyoming,"7,163","3,374","3,789"
2010-11,Total,"4,637,322","1,876,351","2,760,971"
2010-11,Alabama,"62,215","25,270","36,945"
2010-11,Alaska,"5,849","2,134","3,715"
2010-11,Arizona,"191,893","73,390","118,503"
2010-11,Arkansas,"41,742","15,915","25,827"
2010-11,California,"517,231","207,699","309,532"
2010-11,Colorado,"81,711","33,644","48,067"
2010-11,Connecticut,"49,436","20,646","28,790"
2010-11,Delaware,"13,144","4,692","8,452"
2010-11,District of Columbia,"23,993","9,980","14,013"
2010-11,Florida,"307,231","123,483","183,748"
2010-11,Georgia,"141,401","56,831","84,570"
2010-11,Hawaii,"13,430","5,308","8,122"
2010-11,Idaho,"17,875","7,352","10,523"
2010-11,Illinois,"215,391","89,316","126,075"
2010-11,Indiana,"92,799","39,146","53,653"
2010-11,Iowa,"77,599","28,777","48,822"
2010-11,Kansas,"49,160","19,454","29,706"
2010-11,Kentucky,"69,094","27,951","41,143"
2010-11,Louisiana,"70,272","31,257","39,015"
2010-11,Maine,"14,523","5,500","9,023"
2010-11,Maryland,"79,577","32,177","47,400"
2010-11,Massachusetts,"125,947","51,135","74,812"
2010-11,Michigan,"145,702","58,054","87,648"
2010-11,Minnesota,"98,534","37,503","61,031"
2010-11,Mississippi,"35,847","12,772","23,075"
2010-11,Missouri,"101,926","41,282","60,644"
2010-11,Montana,"10,095","4,377","5,718"
2010-11,Nebraska,"28,551","12,093","16,458"
2010-11,Nevada,"21,387","7,726","13,661"
2010-11,New Hampshire,"19,378","7,460","11,918"
2010-11,New Jersey,"98,269","39,630","58,639"
2010-11,New Mexico,"26,688","10,476","16,212"
2010-11,New York,"319,197","125,948","193,249"
2010-11,North Carolina,"121,413","50,620","70,793"
2010-11,North Dakota,"11,318","4,997","6,321"
2010-11,Ohio,"162,583","66,000","96,583"
2010-11,Oklahoma,"53,298","22,772","30,526"
2010-11,Oregon,"50,112","20,130","29,982"
2010-11,Pennsylvania,"197,482","82,821","114,661"
2010-11,Rhode Island,"20,237","8,650","11,587"
2010-11,South Carolina,"51,485","19,840","31,645"
2010-11,South Dakota,"10,978","4,706","6,272"
2010-11,Tennessee,"79,499","32,189","47,310"
2010-11,Texas,"303,241","123,338","179,903"
2010-11,Utah,"56,174","25,427","30,747"
2010-11,Vermont,"10,746","4,664","6,082"
2010-11,Virginia,"120,603","48,447","72,156"
2010-11,Washington,"100,779","42,641","58,138"
2010-11,West Virginia,"28,156","13,188","14,968"
2010-11,Wisconsin,"84,310","33,372","50,938"
2010-11,Wyoming,"7,821","4,171","3,650"
2009-10,Total,"4,336,631","1,753,719","2,582,912"
2009-10,Alabama,"56,931","22,983","33,948"
2009-10,Alaska,"5,318","1,817","3,501"
2009-10,Arizona,"166,401","63,291","103,110"
2009-10,Arkansas,"36,827","14,149","22,678"
2009-10,California,"491,958","197,797","294,161"
2009-10,Colorado,"77,839","32,816","45,023"
2009-10,Connecticut,"47,150","19,483","27,667"
2009-10,Delaware,"12,056","4,267","7,789"
2009-10,District of Columbia,"23,725","10,121","13,604"
2009-10,Florida,"287,356","116,547","170,809"
2009-10,Georgia,"128,930","51,546","77,384"
2009-10,Hawaii,"12,075","4,818","7,257"
2009-10,Idaho,"17,391","7,052","10,339"
2009-10,Illinois,"206,754","85,387","121,367"
2009-10,Indiana,"85,504","36,337","49,167"
2009-10,Iowa,"64,059","24,502","39,557"
2009-10,Kansas,"45,652","18,340","27,312"
2009-10,Kentucky,"63,481","25,631","37,850"
2009-10,Louisiana,"65,823","30,016","35,807"
2009-10,Maine,"13,579","5,237","8,342"
2009-10,Maryland,"73,782","29,625","44,157"
2009-10,Massachusetts,"120,278","48,663","71,615"
2009-10,Michigan,"141,400","56,538","84,862"
2009-10,Minnesota,"93,463","35,753","57,710"
2009-10,Mississippi,"32,802","11,897","20,905"
2009-10,Missouri,"94,484","37,661","56,823"
2009-10,Montana,"9,273","3,983","5,290"
2009-10,Nebraska,"26,540","11,444","15,096"
2009-10,Nevada,"19,899","6,944","12,955"
2009-10,New Hampshire,"18,719","7,174","11,545"
2009-10,New Jersey,"92,769","38,325","54,444"
2009-10,New Mexico,"23,150","9,012","14,138"
2009-10,New York,"305,454","120,079","185,375"
2009-10,North Carolina,"111,442","46,056","65,386"
2009-10,North Dakota,"11,062","4,925","6,137"
2009-10,Ohio,"155,239","62,294","92,945"
2009-10,Oklahoma,"50,093","21,046","29,047"
2009-10,Oregon,"46,235","18,274","27,961"
2009-10,Pennsylvania,"191,269","79,796","111,473"
2009-10,Rhode Island,"19,699","8,449","11,250"
2009-10,South Carolina,"47,335","17,936","29,399"
2009-10,South Dakota,"9,901","4,183","5,718"
2009-10,Tennessee,"73,665","29,008","44,657"
2009-10,Texas,"287,994","116,095","171,899"
2009-10,Utah,"49,213","23,037","26,176"
2009-10,Vermont,"10,329","4,619","5,710"
2009-10,Virginia,"107,409","43,158","64,251"
2009-10,Washington,"93,187","39,418","53,769"
2009-10,West Virginia,"25,291","11,553","13,738"
2009-10,Wisconsin,"79,512","31,097","48,415"
2009-10,Wyoming,"6,934","3,540","3,394"
2008-09,Total,"4,056,528","1,641,133","2,415,395"
2008-09,Alabama,"52,806","20,700","32,106"
2008-09,Alaska,"4,462","1,642","2,820"
2008-09,Arizona,"146,301","57,751","88,550"
2008-09,Arkansas,"33,108","12,605","20,503"
2008-09,California,"469,644","188,232","281,412"
2008-09,Colorado,"75,676","32,933","42,743"
2008-09,Connecticut,"44,880","18,854","26,026"
2008-09,Delaware,"11,652","4,092","7,560"
2008-09,District of Columbia,"28,421","11,752","16,669"
2008-09,Florida,"261,410","107,145","154,265"
2008-09,Georgia,"118,474","47,908","70,566"
2008-09,Hawaii,"12,350","4,906","7,444"
2008-09,Idaho,"16,886","7,057","9,829"
2008-09,Illinois,"195,990","81,522","114,468"
2008-09,Indiana,"79,613","34,024","45,589"
2008-09,Iowa,"55,597","21,616","33,981"
2008-09,Kansas,"42,720","17,245","25,475"
2008-09,Kentucky,"59,182","23,896","35,286"
2008-09,Louisiana,"62,148","28,490","33,658"
2008-09,Maine,"12,862","4,875","7,987"
2008-09,Maryland,"68,095","28,310","39,785"
2008-09,Massachusetts,"113,308","45,763","67,545"
2008-09,Michigan,"133,492","53,020","80,472"
2008-09,Minnesota,"88,288","33,573","54,715"
2008-09,Mississippi,"30,950","11,133","19,817"
2008-09,Missouri,"88,541","35,436","53,105"
2008-09,Montana,"9,096","3,938","5,158"
2008-09,Nebraska,"26,752","11,269","15,483"
2008-09,Nevada,"17,917","6,226","11,691"
2008-09,New Hampshire,"17,604","6,743","10,861"
2008-09,New Jersey,"86,406","34,965","51,441"
2008-09,New Mexico,"20,597","7,910","12,687"
2008-09,New York,"291,904","115,005","176,899"
2008-09,North Carolina,"104,405","42,802","61,603"
2008-09,North Dakota,"10,656","4,744","5,912"
2008-09,Ohio,"145,474","58,061","87,413"
2008-09,Oklahoma,"48,532","20,317","28,215"
2008-09,Oregon,"42,724","16,666","26,058"
2008-09,Pennsylvania,"181,634","75,783","105,851"
2008-09,Rhode Island,"19,936","8,824","11,112"
2008-09,South Carolina,"44,759","16,817","27,942"
2008-09,South Dakota,"9,638","4,030","5,608"
2008-09,Tennessee,"68,399","26,805","41,594"
2008-09,Texas,"260,743","104,236","156,507"
2008-09,Utah,"45,790","21,457","24,333"
2008-09,Vermont,"9,969","4,547","5,422"
2008-09,Virginia,"96,731","38,479","58,252"
2008-09,Washington,"83,906","34,554","49,352"
2008-09,West Virginia,"22,806","9,981","12,825"
2008-09,Wisconsin,"76,510","29,038","47,472"
2008-09,Wyoming,"6,784","3,456","3,328"
2007-08,Total,"3,882,397","1,571,411","2,310,986"
2007-08,Alabama,"51,166","19,908","31,258"
2007-08,Alaska,"4,431","1,627","2,804"
2007-08,Arizona,"132,294","53,671","78,623"
2007-08,Arkansas,"30,182","11,678","18,504"
2007-08,California,"452,314","182,297","270,017"
2007-08,Colorado,"70,820","31,089","39,731"
2007-08,Connecticut,"42,976","18,123","24,853"
2007-08,Delaware,"11,234","3,937","7,297"
2007-08,District of Columbia,"27,493","11,187","16,306"
2007-08,Florida,"246,461","100,623","145,838"
2007-08,Georgia,"112,016","44,847","67,169"
2007-08,Hawaii,"12,347","4,891","7,456"
2007-08,Idaho,"14,887","6,218","8,669"
2007-08,Illinois,"193,157","80,511","112,646"
2007-08,Indiana,"78,412","33,216","45,196"
2007-08,Iowa,"52,974","20,585","32,389"
2007-08,Kansas,"42,679","17,362","25,317"
2007-08,Kentucky,"58,627","24,194","34,433"
2007-08,Louisiana,"52,465","23,148","29,317"
2007-08,Maine,"12,908","4,896","8,012"
2007-08,Maryland,"65,081","26,583","38,498"
2007-08,Massachusetts,"110,386","44,027","66,359"
2007-08,Michigan,"128,833","51,492","77,341"
2007-08,Minnesota,"84,194","32,301","51,893"
2007-08,Mississippi,"29,935","10,588","19,347"
2007-08,Missouri,"83,641","33,414","50,227"
2007-08,Montana,"8,902","3,804","5,098"
2007-08,Nebraska,"26,446","11,316","15,130"
2007-08,Nevada,"16,543","5,778","10,765"
2007-08,New Hampshire,"17,135","6,613","10,522"
2007-08,New Jersey,"82,229","33,657","48,572"
2007-08,New Mexico,"20,639","7,692","12,947"
2007-08,New York,"283,343","111,485","171,858"
2007-08,North Carolina,"98,977","40,308","58,669"
2007-08,North Dakota,"10,497","4,747","5,750"
2007-08,Ohio,"141,035","57,189","83,846"
2007-08,Oklahoma,"46,321","18,938","27,383"
2007-08,Oregon,"41,637","15,892","25,745"
2007-08,Pennsylvania,"174,945","73,314","101,631"
2007-08,Rhode Island,"19,533","8,726","10,807"
2007-08,South Carolina,"43,941","16,612","27,329"
2007-08,South Dakota,"9,781","4,142","5,639"
2007-08,Tennessee,"64,662","25,389","39,273"
2007-08,Texas,"246,243","99,008","147,235"
2007-08,Utah,"44,615","20,795","23,820"
2007-08,Vermont,"9,724","4,270","5,454"
2007-08,Virginia,"90,720","35,969","54,751"
2007-08,Washington,"78,770","31,827","46,943"
2007-08,West Virginia,"22,713","9,831","12,882"
2007-08,Wisconsin,"74,313","28,119","46,194"
2007-08,Wyoming,"6,820","3,577","3,243"
2006-07,Total,"3,775,360","1,520,978","2,254,382"
2006-07,Alabama,"47,554","18,174","29,380"
2006-07,Alaska,"4,434","1,667","2,767"
2006-07,Arizona,"122,973","51,738","71,235"
2006-07,Arkansas,"28,534","11,143","17,391"
2006-07,California,"439,024","175,576","263,448"
2006-07,Colorado,"67,966","30,394","37,572"
2006-07,Connecticut,"42,166","17,481","24,685"
2006-07,Delaware,"11,244","4,022","7,222"
2006-07,District of Columbia,"26,029","10,671","15,358"
2006-07,Florida,"234,450","95,865","138,585"
2006-07,Georgia,"106,778","42,240","64,538"
2006-07,Hawaii,"12,239","4,747","7,492"
2006-07,Idaho,"15,075","6,252","8,823"
2006-07,Illinois,"191,536","79,576","111,960"
2006-07,Indiana,"76,347","32,867","43,480"
2006-07,Iowa,"50,806","19,507","31,299"
2006-07,Kansas,"43,044","18,056","24,988"
2006-07,Kentucky,"55,986","23,037","32,949"
2006-07,Louisiana,"52,421","22,736","29,685"
2006-07,Maine,"12,432","4,720","7,712"
2006-07,Maryland,"63,787","25,674","38,113"
2006-07,Massachusetts,"106,694","42,262","64,432"
2006-07,Michigan,"125,779","48,925","76,854"
2006-07,Minnesota,"81,707","31,094","50,613"
2006-07,Mississippi,"29,287","10,251","19,036"
2006-07,Missouri,"81,874","32,756","49,118"
2006-07,Montana,"8,883","3,741","5,142"
2006-07,Nebraska,"25,502","10,642","14,860"
2006-07,Nevada,"17,001","6,097","10,904"
2006-07,New Hampshire,"17,352","6,489","10,863"
2006-07,New Jersey,"79,469","31,857","47,612"
2006-07,New Mexico,"20,364","7,746","12,618"
2006-07,New York,"279,529","109,289","170,240"
2006-07,North Carolina,"95,275","38,645","56,630"
2006-07,North Dakota,"10,497","4,629","5,868"
2006-07,Ohio,"133,779","53,450","80,329"
2006-07,Oklahoma,"46,953","19,252","27,701"
2006-07,Oregon,"41,350","16,112","25,238"
2006-07,Pennsylvania,"171,864","71,332","100,532"
2006-07,Rhode Island,"18,979","8,224","10,755"
2006-07,South Carolina,"42,009","15,816","26,193"
2006-07,South Dakota,"9,866","4,176","5,690"
2006-07,Tennessee,"64,347","24,962","39,385"
2006-07,Texas,"241,511","96,129","145,382"
2006-07,Utah,"43,750","20,368","23,382"
2006-07,Vermont,"9,120","3,930","5,190"
2006-07,Virginia,"85,985","33,498","52,487"
2006-07,Washington,"78,995","32,052","46,943"
2006-07,West Virginia,"21,875","9,291","12,584"
2006-07,Wisconsin,"73,953","27,888","46,065"
2006-07,Wyoming,"6,986","3,932","3,054"
2005-06,Total,"3,689,764","1,484,056","2,205,708"
2005-06,Alabama,"49,661","19,132","30,529"
2005-06,Alaska,"4,252","1,570","2,682"
2005-06,Arizona,"107,182","46,848","60,334"
2005-06,Arkansas,"27,714","11,292","16,422"
2005-06,California,"434,528","173,082","261,446"
2005-06,Colorado,"68,964","30,564","38,400"
2005-06,Connecticut,"41,446","17,006","24,440"
2005-06,Delaware,"11,062","3,961","7,101"
2005-06,District of Columbia,"26,089","10,647","15,442"
2005-06,Florida,"228,664","93,227","135,437"
2005-06,Georgia,"104,535","40,360","64,175"
2005-06,Hawaii,"12,496","4,845","7,651"
2005-06,Idaho,"14,946","6,165","8,781"
2005-06,Illinois,"188,311","78,127","110,184"
2005-06,Indiana,"74,722","32,304","42,418"
2005-06,Iowa,"49,403","19,226","30,177"
2005-06,Kansas,"42,655","18,064","24,591"
2005-06,Kentucky,"53,773","22,031","31,742"
2005-06,Louisiana,"39,801","14,512","25,289"
2005-06,Maine,"12,147","4,724","7,423"
2005-06,Maryland,"61,902","25,318","36,584"
2005-06,Massachusetts,"105,497","41,239","64,258"
2005-06,Michigan,"124,105","47,944","76,161"
2005-06,Minnesota,"78,987","30,073","48,914"
2005-06,Mississippi,"28,513","9,971","18,542"
2005-06,Missouri,"80,171","32,401","47,770"
2005-06,Montana,"8,835","3,646","5,189"
2005-06,Nebraska,"25,785","11,032","14,753"
2005-06,Nevada,"16,012","5,840","10,172"
2005-06,New Hampshire,"16,982","6,518","10,464"
2005-06,New Jersey,"79,188","31,466","47,722"
2005-06,New Mexico,"20,129","7,441","12,688"
2005-06,New York,"276,958","107,902","169,056"
2005-06,North Carolina,"92,656","37,375","55,281"
2005-06,North Dakota,"10,085","4,535","5,550"
2005-06,Ohio,"132,365","53,049","79,316"
2005-06,Oklahoma,"46,260","18,957","27,303"
2005-06,Oregon,"41,637","16,125","25,512"
2005-06,Pennsylvania,"169,784","71,644","98,140"
2005-06,Rhode Island,"18,745","7,962","10,783"
2005-06,South Carolina,"41,784","15,472","26,312"
2005-06,South Dakota,"9,563","4,159","5,404"
2005-06,Tennessee,"62,292","24,552","37,740"
2005-06,Texas,"235,736","93,298","142,438"
2005-06,Utah,"43,484","20,993","22,491"
2005-06,Vermont,"8,897","3,832","5,065"
2005-06,Virginia,"83,851","32,390","51,461"
2005-06,Washington,"79,127","31,906","47,221"
2005-06,West Virginia,"19,912","7,986","11,926"
2005-06,Wisconsin,"70,616","27,001","43,615"
2005-06,Wyoming,"7,555","4,342","3,213"
2004-05,Total,"3,596,860","1,456,318","2,140,542"
2004-05,Alabama,"49,367","18,873","30,494"
2004-05,Alaska,"3,896","1,437","2,459"
2004-05,Arizona,"97,133","42,297","54,836"
2004-05,Arkansas,"28,644","12,158","16,486"
2004-05,California,"425,430","168,976","256,454"
2004-05,Colorado,"66,560","29,750","36,810"
2004-05,Connecticut,"40,186","16,672","23,514"
2004-05,Delaware,"10,705","3,779","6,926"
2004-05,District of Columbia,"23,499","9,704","13,795"
2004-05,Florida,"220,882","90,299","130,583"
2004-05,Georgia,"104,635","40,219","64,416"
2004-05,Hawaii,"12,251","4,787","7,464"
2004-05,Idaho,"14,866","6,115","8,751"
2004-05,Illinois,"182,472","78,161","104,311"
2004-05,Indiana,"71,364","31,153","40,211"
2004-05,Iowa,"46,719","18,847","27,872"
2004-05,Kansas,"41,896","17,167","24,729"
2004-05,Kentucky,"47,947","19,333","28,614"
2004-05,Louisiana,"46,689","16,806","29,883"
2004-05,Maine,"11,951","4,474","7,477"
2004-05,Maryland,"60,304","24,564","35,740"
2004-05,Massachusetts,"104,033","40,608","63,425"
2004-05,Michigan,"121,199","46,880","74,319"
2004-05,Minnesota,"75,050","29,871","45,179"
2004-05,Mississippi,"28,475","10,355","18,120"
2004-05,Missouri,"78,303","32,240","46,063"
2004-05,Montana,"8,847","3,760","5,087"
2004-05,Nebraska,"25,342","10,720","14,622"
2004-05,Nevada,"13,762","4,835","8,927"
2004-05,New Hampshire,"16,623","6,377","10,246"
2004-05,New Jersey,"78,789","30,835","47,954"
2004-05,New Mexico,"19,513","7,211","12,302"
2004-05,New York,"271,801","106,823","164,978"
2004-05,North Carolina,"90,475","37,401","53,074"
2004-05,North Dakota,"9,652","4,447","5,205"
2004-05,Ohio,"127,994","51,812","76,182"
2004-05,Oklahoma,"45,680","18,549","27,131"
2004-05,Oregon,"40,970","15,978","24,992"
2004-05,Pennsylvania,"163,904","69,239","94,665"
2004-05,Rhode Island,"18,309","7,803","10,506"
2004-05,South Carolina,"41,669","15,690","25,979"
2004-05,South Dakota,"9,570","4,206","5,364"
2004-05,Tennessee,"61,000","24,570","36,430"
2004-05,Texas,"229,065","93,107","135,958"
2004-05,Utah,"41,368","19,903","21,465"
2004-05,Vermont,"8,501","3,548","4,953"
2004-05,Virginia,"81,503","31,915","49,588"
2004-05,Washington,"80,398","32,611","47,787"
2004-05,West Virginia,"19,662","7,845","11,817"
2004-05,Wisconsin,"70,894","27,548","43,346"
2004-05,Wyoming,"7,113","4,060","3,053"
2003-04,Total,"3,477,476","1,421,287","2,056,189"
2003-04,Alabama,"47,706","18,576","29,130"
2003-04,Alaska,"3,804","1,365","2,439"
2003-04,Arizona,"89,052","40,132","48,920"
2003-04,Arkansas,"29,092","12,255","16,837"
2003-04,California,"412,528","164,184","248,344"
2003-04,Colorado,"62,247","27,148","35,099"
2003-04,Connecticut,"38,423","16,059","22,364"
2003-04,Delaware,"9,933","3,540","6,393"
2003-04,District of Columbia,"24,188","10,124","14,064"
2003-04,Florida,"214,634","90,197","124,437"
2003-04,Georgia,"106,085","41,724","64,361"
2003-04,Hawaii,"12,710","5,163","7,547"
2003-04,Idaho,"13,519","5,537","7,982"
2003-04,Illinois,"164,615","70,943","93,672"
2003-04,Indiana,"70,097","30,434","39,663"
2003-04,Iowa,"43,771","18,094","25,677"
2003-04,Kansas,"41,453","17,350","24,103"
2003-04,Kentucky,"44,468","18,071","26,397"
2003-04,Louisiana,"45,809","16,602","29,207"
2003-04,Maine,"11,330","4,232","7,098"
2003-04,Maryland,"57,437","23,680","33,757"
2003-04,Massachusetts,"101,808","40,681","61,127"
2003-04,Michigan,"118,572","47,034","71,538"
2003-04,Minnesota,"71,525","29,134","42,391"
2003-04,Mississippi,"27,500","9,790","17,710"
2003-04,Missouri,"76,177","31,568","44,609"
2003-04,Montana,"8,991","3,906","5,085"
2003-04,Nebraska,"23,415","10,108","13,307"
2003-04,Nevada,"12,267","4,321","7,946"
2003-04,New Hampshire,"16,127","6,279","9,848"
2003-04,New Jersey,"75,656","30,273","45,383"
2003-04,New Mexico,"18,111","7,016","11,095"
2003-04,New York,"270,097","105,055","165,042"
2003-04,North Carolina,"88,012","36,774","51,238"
2003-04,North Dakota,"9,345","4,387","4,958"
2003-04,Ohio,"124,829","51,089","73,740"
2003-04,Oklahoma,"44,386","18,326","26,060"
2003-04,Oregon,"40,375","16,034","24,341"
2003-04,Pennsylvania,"158,171","67,638","90,533"
2003-04,Rhode Island,"18,240","7,899","10,341"
2003-04,South Carolina,"40,022","15,255","24,767"
2003-04,South Dakota,"9,764","4,306","5,458"
2003-04,Tennessee,"58,478","23,740","34,738"
2003-04,Texas,"218,481","88,615","129,866"
2003-04,Utah,"40,511","19,367","21,144"
2003-04,Vermont,"8,187","3,500","4,687"
2003-04,Virginia,"78,372","30,920","47,452"
2003-04,Washington,"81,529","33,733","47,796"
2003-04,West Virginia,"18,889","7,550","11,339"
2003-04,Wisconsin,"70,049","27,840","42,209"
2003-04,Wyoming,"6,689","3,739","2,950"
2002-03,Total,"3,297,453","1,368,557","1,928,896"
2002-03,Alabama,"45,328","18,004","27,324"
2002-03,Alaska,"4,638","2,035","2,603"
2002-03,Arizona,"76,795","35,239","41,556"
2002-03,Arkansas,"29,644","12,868","16,776"
2002-03,California,"396,844","160,756","236,088"
2002-03,Colorado,"57,687","26,040","31,647"
2002-03,Connecticut,"36,761","15,541","21,220"
2002-03,Delaware,"9,782","3,557","6,225"
2002-03,District of Columbia,"22,090","9,267","12,823"
2002-03,Florida,"199,989","85,054","114,935"
2002-03,Georgia,"94,493","37,424","57,069"
2002-03,Hawaii,"12,137","5,087","7,050"
2002-03,Idaho,"13,868","5,808","8,060"
2002-03,Illinois,"157,884","68,417","89,467"
2002-03,Indiana,"66,971","29,748","37,223"
2002-03,Iowa,"42,716","17,764","24,952"
2002-03,Kansas,"39,771","17,137","22,634"
2002-03,Kentucky,"39,098","15,557","23,541"
2002-03,Louisiana,"50,202","21,182","29,020"
2002-03,Maine,"10,929","4,183","6,746"
2002-03,Maryland,"53,891","22,804","31,087"
2002-03,Massachusetts,"97,906","39,293","58,613"
2002-03,Michigan,"113,456","45,679","67,777"
2002-03,Minnesota,"64,926","27,190","37,736"
2002-03,Mississippi,"26,445","9,695","16,750"
2002-03,Missouri,"73,662","31,076","42,586"
2002-03,Montana,"8,456","3,748","4,708"
2002-03,Nebraska,"22,789","10,121","12,668"
2002-03,Nevada,"10,880","4,008","6,872"
2002-03,New Hampshire,"15,140","5,990","9,150"
2002-03,New Jersey,"73,093","30,557","42,536"
2002-03,New Mexico,"16,806","6,524","10,282"
2002-03,New York,"258,895","101,379","157,516"
2002-03,North Carolina,"82,640","34,029","48,611"
2002-03,North Dakota,"8,737","4,094","4,643"
2002-03,Ohio,"119,943","49,740","70,203"
2002-03,Oklahoma,"42,140","17,935","24,205"
2002-03,Oregon,"37,311","15,220","22,091"
2002-03,Pennsylvania,"151,844","65,609","86,235"
2002-03,Rhode Island,"17,407","7,272","10,135"
2002-03,South Carolina,"38,142","14,918","23,224"
2002-03,South Dakota,"8,760","3,943","4,817"
2002-03,Tennessee,"56,636","22,977","33,659"
2002-03,Texas,"202,609","83,197","119,412"
2002-03,Utah,"38,524","18,294","20,230"
2002-03,Vermont,"8,037","3,405","4,632"
2002-03,Virginia,"74,966","30,111","44,855"
2002-03,Washington,"75,392","31,361","44,031"
2002-03,West Virginia,"18,231","7,469","10,762"
2002-03,Wisconsin,"65,723","26,584","39,139"
2002-03,Wyoming,"6,439","3,667","2,772"
,,,,
"This table presents data collected from Title IV institutions in the United States. Prior to 2009-10, the data include only Title IV primarily postsecondary institutions.",,,,
"SOURCE: U.S. Department of Education, National Center for Education Statistics, Integrated Postsecondary Education Data System (IPEDS), Completions component final data (2001-02 - 2022-23) and provisional data (2023-24).",,,,
